成交时间,成交价格,价格变动,成交量,成交金额,性质
09:25:00,6.5,0.01,2925,1901250,买盘
09:30:00,6.54,0.04,614,399963,买盘
09:30:03,6.55,0.01,575,376236,买盘
09:30:06,6.55,0.0,1152,754240,买盘
09:30:09,6.54,-0.01,463,303259,卖盘
09:30:12,6.58,0.04,612,401770,买盘
09:30:15,6.55,-0.03,1062,695958,卖盘
09:30:18,6.59,0.04,1267,834378,买盘
09:30:21,6.58,-0.01,666,438736,卖盘
09:30:24,6.6,0.02,644,424633,买盘
09:30:27,6.63,0.03,1228,809184,买盘
09:30:30,6.64,0.01,659,437076,买盘
09:30:33,6.65,0.01,1401,929122,买盘
09:30:36,6.6,-0.05,2430,1601819,卖盘
09:30:39,6.66,0.06,531,353346,买盘
09:30:42,6.66,0.0,280,186594,卖盘
09:30:45,6.65,-0.01,527,349263,卖盘
09:30:48,6.65,0.0,567,376760,买盘
09:30:51,6.66,0.01,1659,1104434,买盘
09:30:54,6.64,-0.02,232,154006,中性盘
09:30:57,6.64,0.0,818,542906,买盘
09:31:00,6.64,0.0,235,155601,买盘
09:31:03,6.6,-0.04,165,108900,卖盘
09:31:06,6.61,0.01,580,382439,买盘
09:31:09,6.6,-0.01,126,83005,卖盘
09:31:12,6.6,0.0,521,343628,买盘
09:31:15,6.6,0.0,551,363190,买盘
09:31:18,6.57,-0.03,326,214341,中性盘
09:31:21,6.59,0.02,1189,782358,买盘
09:31:24,6.59,0.0,786,518498,卖盘
09:31:27,6.59,0.0,525,346166,卖盘
09:31:30,6.59,0.0,1017,670556,买盘
09:31:33,6.59,0.0,842,554342,买盘
09:31:36,6.58,-0.01,554,365028,卖盘
09:31:39,6.59,0.01,352,231968,买盘
09:31:42,6.57,-0.02,672,442618,卖盘
09:31:45,6.57,0.0,172,113134,卖盘
09:31:48,6.57,0.0,354,232732,卖盘
09:31:51,6.56,-0.01,249,163404,卖盘
09:31:54,6.56,0.0,227,148957,卖盘
09:31:57,6.59,0.03,2462,1616441,买盘
09:32:00,6.62,0.03,2183,1441929,买盘
09:32:03,6.64,0.02,534,354364,买盘
09:32:06,6.65,0.01,1574,1047999,买盘
09:32:09,6.65,0.0,663,441024,卖盘
09:32:12,6.63,-0.02,320,211533,卖盘
09:32:15,6.65,0.02,569,377331,买盘
09:32:18,6.6,-0.05,364,240805,中性盘
09:32:21,6.59,-0.01,2227,1467578,卖盘
09:32:24,6.58,-0.01,220,144320,中性盘
09:32:27,6.55,-0.03,100,65507,卖盘
09:32:30,6.55,0.0,398,261384,买盘
09:32:33,6.54,-0.01,310,202914,卖盘
09:32:36,6.54,0.0,164,107180,买盘
09:32:39,6.52,-0.02,40,26141,卖盘
09:32:42,6.52,0.0,82,53475,卖盘
09:32:45,6.52,0.0,145,94582,卖盘
09:32:48,6.52,0.0,276,179984,卖盘
09:32:51,6.52,0.0,25,16302,卖盘
09:32:54,6.54,0.02,673,439522,买盘
09:32:57,6.54,0.0,357,233655,买盘
09:33:00,6.55,0.01,84,54957,中性盘
09:33:03,6.54,-0.01,58,38015,卖盘
09:33:06,6.53,-0.01,534,349362,卖盘
09:33:09,6.53,0.0,347,226644,卖盘
09:33:12,6.53,0.0,601,392651,卖盘
09:33:15,6.55,0.02,475,310946,买盘
09:33:18,6.57,0.02,205,134479,买盘
09:33:21,6.58,0.01,445,293014,买盘
09:33:24,6.6,0.02,345,227699,买盘
09:33:27,6.61,0.01,176,116164,买盘
09:33:30,6.6,-0.01,171,112929,卖盘
09:33:33,6.61,0.01,186,122771,买盘
09:33:36,6.6,-0.01,127,83816,买盘
09:33:39,6.6,0.0,350,231069,卖盘
09:33:42,6.6,0.0,144,95090,卖盘
09:33:45,6.59,-0.01,311,205209,卖盘
09:33:48,6.59,0.0,131,86391,买盘
09:33:51,6.58,-0.01,38,25029,卖盘
09:33:54,6.58,0.0,38,25052,卖盘
09:33:57,6.58,0.0,239,157392,买盘
09:34:00,6.59,0.01,24,15836,卖盘
09:34:03,6.6,0.01,96,63233,买盘
09:34:06,6.6,0.0,296,195344,买盘
09:34:09,6.61,0.01,131,86464,买盘
09:34:12,6.6,-0.01,156,103088,卖盘
09:34:15,6.61,0.01,803,531061,买盘
09:34:18,6.6,-0.01,124,81972,卖盘
09:34:21,6.62,0.02,429,283391,买盘
09:34:24,6.62,0.0,179,118417,买盘
09:34:27,6.63,0.01,104,68852,买盘
09:34:30,6.63,0.0,249,165054,买盘
09:34:33,6.63,0.0,78,51664,买盘
09:34:36,6.62,-0.01,168,111330,卖盘
09:34:39,6.62,0.0,1828,1209854,买盘
09:34:42,6.64,0.02,296,196319,买盘
09:34:45,6.65,0.01,395,262136,买盘
09:34:48,6.64,-0.01,469,311416,卖盘
09:34:51,6.64,0.0,102,67693,买盘
09:34:54,6.64,0.0,326,216105,买盘
09:34:57,6.63,-0.01,132,87647,卖盘
09:35:00,6.63,0.0,39,25829,买盘
09:35:03,6.63,0.0,6,3974,买盘
09:35:06,6.63,0.0,170,112284,买盘
09:35:09,6.63,0.0,313,207485,买盘
09:35:12,6.62,-0.01,117,77409,买盘
09:35:15,6.6,-0.02,92,60720,买盘
09:35:18,6.59,-0.01,186,122575,卖盘
09:35:21,6.59,0.0,12,7908,买盘
09:35:24,6.6,0.01,116,76558,买盘
09:35:27,6.6,0.0,128,84414,买盘
09:35:30,6.6,0.0,158,104280,卖盘
09:35:33,6.59,-0.01,126,83150,卖盘
09:35:36,6.59,0.0,93,61327,卖盘
09:35:39,6.66,0.07,4046,2685882,买盘
09:35:42,6.65,-0.01,1465,976584,卖盘
09:35:45,6.65,0.0,250,166292,卖盘
09:35:48,6.65,0.0,516,342401,买盘
09:35:51,6.64,-0.01,4,2656,买盘
09:35:54,6.64,0.0,30,19920,买盘
09:35:57,6.63,-0.01,559,370807,卖盘
09:36:00,6.64,0.01,28,18565,买盘
09:36:03,6.64,0.0,1060,704604,买盘
09:36:06,6.63,-0.01,430,285246,卖盘
09:36:09,6.64,0.01,104,69162,买盘
09:36:12,6.66,0.02,1095,731009,中性盘
09:36:15,6.68,0.02,430,287278,买盘
09:36:18,6.68,0.0,393,262743,卖盘
09:36:21,6.68,0.0,84,56111,卖盘
09:36:24,6.68,0.0,198,132243,买盘
09:36:27,6.65,-0.03,652,435881,卖盘
09:36:30,6.68,0.03,635,424124,买盘
09:36:33,6.66,-0.02,86,57273,买盘
09:36:36,6.66,0.0,329,219039,买盘
09:36:39,6.68,0.02,410,273601,买盘
09:36:42,6.65,-0.03,288,191817,卖盘
09:36:45,6.67,0.02,288,191787,买盘
09:36:48,6.67,0.0,222,147887,卖盘
09:36:51,6.65,-0.02,254,168845,卖盘
09:36:54,6.64,-0.01,54,35856,卖盘
09:36:57,6.64,0.0,148,98214,买盘
09:37:00,6.64,0.0,154,102521,买盘
09:37:03,6.63,-0.01,56,37162,卖盘
09:37:06,6.62,-0.01,104,68919,卖盘
09:37:09,6.62,0.0,100,66268,中性盘
09:37:12,6.62,0.0,16,10589,中性盘
09:37:15,6.61,-0.01,73,48256,卖盘
09:37:18,6.62,0.01,173,114383,买盘
09:37:21,6.63,0.01,96,63557,买盘
09:37:24,6.62,-0.01,32,21184,卖盘
09:37:27,6.62,0.0,1,662,卖盘
09:37:30,6.62,0.0,35,23170,卖盘
09:37:33,6.62,0.0,25,16554,卖盘
09:37:36,6.62,0.0,12,7944,卖盘
09:37:39,6.62,0.0,156,103338,卖盘
09:37:42,6.62,0.0,126,83412,卖盘
09:37:45,6.62,0.0,30,19861,卖盘
09:37:48,6.61,-0.01,49,32411,卖盘
09:37:51,6.62,0.01,76,50302,买盘
09:37:54,6.6,-0.02,287,189699,卖盘
09:37:57,6.63,0.03,674,446333,买盘
09:38:00,6.64,0.01,248,164293,买盘
09:38:03,6.63,-0.01,66,43703,中性盘
09:38:09,6.63,0.0,687,456632,卖盘
09:38:12,6.63,0.0,149,98933,卖盘
09:38:15,6.63,0.0,22,14586,卖盘
09:38:18,6.63,0.0,2,1326,卖盘
09:38:21,6.63,0.0,48,31870,卖盘
09:38:24,6.63,0.0,2,1326,卖盘
09:38:27,6.63,0.0,89,59057,卖盘
09:38:30,6.63,0.0,263,174369,买盘
09:38:33,6.62,-0.01,19,12582,卖盘
09:38:36,6.62,0.0,8,5299,卖盘
09:38:39,6.68,0.06,1906,1269207,买盘
09:38:42,6.68,0.0,998,666832,卖盘
09:38:45,6.69,0.01,100,66875,买盘
09:38:48,6.68,-0.01,344,229874,卖盘
09:38:51,6.67,-0.01,119,79375,中性盘
09:38:54,6.66,-0.01,172,114492,中性盘
09:38:57,6.66,0.0,64,42622,买盘
09:39:00,6.66,0.0,39,25974,买盘
09:39:03,6.66,0.0,56,37293,买盘
09:39:06,6.66,0.0,2,1332,买盘
09:39:09,6.66,0.0,18,11986,买盘
09:39:12,6.66,0.0,147,97888,买盘
09:39:15,6.66,0.0,161,107190,买盘
09:39:18,6.65,-0.01,282,187374,中性盘
09:39:21,6.64,-0.01,1250,828500,卖盘
09:39:24,6.64,0.0,208,138112,买盘
09:39:27,6.63,-0.01,276,183249,中性盘
09:39:30,6.62,-0.01,13,8615,中性盘
09:39:33,6.64,0.02,40,26556,买盘
09:39:36,6.62,-0.02,82,54312,卖盘
09:39:39,6.62,0.0,19,12578,卖盘
09:39:42,6.62,0.0,75,49650,买盘
09:39:45,6.62,0.0,201,132959,买盘
09:39:48,6.62,0.0,80,52968,卖盘
09:39:51,6.62,0.0,141,93342,卖盘
09:39:57,6.62,0.0,16,10584,买盘
09:40:00,6.61,-0.01,49,32389,卖盘
09:40:03,6.61,0.0,70,46289,卖盘
09:40:06,6.61,0.0,105,69407,卖盘
09:40:09,6.61,0.0,204,134761,卖盘
09:40:12,6.6,-0.01,70,46202,卖盘
09:40:15,6.6,0.0,34,22440,卖盘
09:40:18,6.6,0.0,270,178200,卖盘
09:40:21,6.6,0.0,162,106915,买盘
09:40:24,6.59,-0.01,314,207191,卖盘
09:40:27,6.6,0.01,85,56162,买盘
09:40:30,6.59,-0.01,346,228014,卖盘
09:40:33,6.59,0.0,86,56674,卖盘
09:40:36,6.58,-0.01,2,1316,卖盘
09:40:39,6.58,0.0,78,51324,卖盘
09:40:42,6.57,-0.01,86,56570,卖盘
09:40:45,6.57,0.0,8,5256,卖盘
09:40:48,6.58,0.01,109,71702,买盘
09:40:51,6.58,0.0,285,187591,买盘
09:40:54,6.58,0.0,150,98711,卖盘
09:40:57,6.58,0.0,26,17108,卖盘
09:41:00,6.58,0.0,22,14476,卖盘
09:41:03,6.58,0.0,152,100066,卖盘
09:41:06,6.58,0.0,16,10534,卖盘
09:41:09,6.6,0.02,636,419361,买盘
09:41:12,6.6,0.0,137,90385,卖盘
09:41:15,6.6,0.0,3,1980,卖盘
09:41:18,6.61,0.01,3,1983,买盘
09:41:21,6.61,0.0,400,264360,买盘
09:41:24,6.61,0.0,51,33711,卖盘
09:41:27,6.61,0.0,39,25779,卖盘
09:41:30,6.62,0.01,69,45645,买盘
09:41:33,6.62,0.0,16,10587,买盘
09:41:36,6.62,0.0,56,37037,买盘
09:41:39,6.62,0.0,200,132395,买盘
09:41:42,6.62,0.0,5,3310,买盘
09:41:45,6.62,0.0,60,39665,买盘
09:41:48,6.61,-0.01,80,52909,卖盘
09:41:51,6.61,0.0,109,72149,卖盘
09:41:54,6.61,0.0,150,99200,卖盘
09:41:57,6.61,0.0,257,169832,卖盘
09:42:00,6.6,-0.01,133,87853,卖盘
09:42:03,6.6,0.0,121,79723,卖盘
09:42:06,6.59,-0.01,1,659,买盘
09:42:09,6.59,0.0,78,51384,买盘
09:42:12,6.59,0.0,30,19770,买盘
09:42:18,6.58,-0.01,1,658,卖盘
09:42:21,6.59,0.01,16,10544,买盘
09:42:24,6.58,-0.01,15,9876,卖盘
09:42:27,6.58,0.0,97,63848,卖盘
09:42:30,6.58,0.0,43,28294,卖盘
09:42:33,6.58,0.0,32,21056,卖盘
09:42:36,6.59,0.01,48,31594,买盘
09:42:39,6.58,-0.01,57,37506,卖盘
09:42:42,6.58,0.0,50,32900,买盘
09:42:45,6.58,0.0,5,3290,买盘
09:42:48,6.58,0.0,56,36848,买盘
09:42:51,6.57,-0.01,60,39420,卖盘
09:42:54,6.57,0.0,10,6570,卖盘
09:42:57,6.57,0.0,4,2628,卖盘
09:43:00,6.58,0.01,325,213850,买盘
09:43:03,6.58,0.0,140,92120,卖盘
09:43:06,6.58,0.0,20,13160,卖盘
09:43:09,6.59,0.01,111,73148,买盘
09:43:12,6.58,-0.01,78,51347,卖盘
09:43:15,6.58,0.0,143,94094,卖盘
09:43:18,6.58,0.0,53,34877,卖盘
09:43:21,6.59,0.01,35,23065,买盘
09:43:24,6.59,0.0,71,46789,买盘
09:43:27,6.59,0.0,1,659,卖盘
09:43:30,6.59,0.0,10,6590,卖盘
09:43:33,6.59,0.0,7,4613,卖盘
09:43:36,6.6,0.01,19,12530,买盘
09:43:42,6.6,0.0,22,14520,买盘
09:43:45,6.6,0.0,37,24398,买盘
09:43:48,6.59,-0.01,11,7254,卖盘
09:43:54,6.59,0.0,32,21114,卖盘
09:43:57,6.59,0.0,63,41563,卖盘
09:44:00,6.6,0.01,30,19800,买盘
09:44:03,6.59,-0.01,32,21088,卖盘
09:44:06,6.6,0.01,274,180769,买盘
09:44:09,6.6,0.0,62,40879,买盘
09:44:12,6.6,0.0,79,52131,买盘
09:44:15,6.6,0.0,27,17820,买盘
09:44:18,6.6,0.0,77,50820,卖盘
09:44:21,6.6,0.0,9,5941,卖盘
09:44:24,6.61,0.01,158,104435,买盘
09:44:27,6.61,0.0,31,20471,中性盘
09:44:30,6.61,0.0,7,4625,卖盘
09:44:36,6.6,-0.01,45,29705,卖盘
09:44:39,6.61,0.01,3,1983,买盘
09:44:42,6.61,0.0,14,9254,买盘
09:44:48,6.61,0.0,25,16515,买盘
09:44:51,6.61,0.0,17,11237,买盘
09:44:54,6.6,-0.01,46,30360,卖盘
09:44:57,6.6,0.0,20,13200,买盘
09:45:00,6.6,0.0,45,29700,买盘
09:45:03,6.6,0.0,26,17160,买盘
09:45:06,6.6,0.0,69,45540,买盘
09:45:09,6.61,0.01,687,454046,买盘
09:45:12,6.62,0.01,29,19198,卖盘
09:45:15,6.63,0.01,259,171696,买盘
09:45:18,6.63,0.0,14,9282,卖盘
09:45:21,6.63,0.0,51,33831,卖盘
09:45:24,6.64,0.01,532,353383,买盘
09:45:27,6.65,0.01,104,69160,买盘
09:45:30,6.65,0.0,39,25925,买盘
09:45:33,6.65,0.0,161,107065,买盘
09:45:36,6.66,0.01,355,236214,买盘
09:45:39,6.66,0.0,591,393590,买盘
09:45:42,6.65,-0.01,147,97901,卖盘
09:45:45,6.65,0.0,79,52559,卖盘
09:45:48,6.65,0.0,89,59185,买盘
09:45:51,6.65,0.0,66,43890,买盘
09:45:54,6.64,-0.01,559,372198,卖盘
09:45:57,6.65,0.01,97,64475,卖盘
09:46:00,6.65,0.0,9,5985,买盘
09:46:03,6.65,0.0,111,73834,买盘
09:46:06,6.65,0.0,66,43855,买盘
09:46:09,6.65,0.0,506,336393,买盘
09:46:12,6.65,0.0,2,1330,买盘
09:46:15,6.65,0.0,717,477090,买盘
09:46:18,6.65,0.0,49,32596,卖盘
09:46:21,6.65,0.0,278,184924,卖盘
09:46:24,6.65,0.0,619,412307,买盘
09:46:27,6.66,0.01,114,75874,卖盘
09:46:30,6.65,-0.01,45,29931,卖盘
09:46:33,6.65,0.0,231,153615,买盘
09:46:36,6.65,0.0,231,153841,卖盘
09:46:39,6.68,0.03,1024,683369,买盘
09:46:42,6.68,0.0,73,48681,买盘
09:46:45,6.71,0.03,5501,3685278,买盘
09:46:48,6.75,0.04,678,457526,买盘
09:46:51,6.76,0.01,1423,961136,买盘
09:46:54,6.77,0.01,846,573202,买盘
09:46:57,6.79,0.02,317,214968,买盘
09:47:00,6.78,-0.01,1376,933985,卖盘
09:47:03,6.78,0.0,871,590992,卖盘
09:47:06,6.76,-0.02,1002,679413,卖盘
09:47:09,6.74,-0.02,1144,772539,卖盘
09:47:12,6.83,0.09,4400,3004075,买盘
09:47:15,6.81,-0.02,1794,1229296,中性盘
09:47:18,6.96,0.15,25085,17425630,买盘
09:47:21,6.96,0.0,1295,901320,卖盘
09:47:24,6.96,0.0,892,620832,卖盘
09:47:27,6.96,0.0,880,612480,卖盘
09:47:30,6.96,0.0,808,562368,卖盘
09:47:33,6.96,0.0,751,522696,卖盘
09:47:36,6.96,0.0,650,452400,卖盘
09:47:39,6.96,0.0,295,205320,卖盘
09:47:42,6.96,0.0,947,659112,卖盘
09:47:45,6.96,0.0,414,288144,卖盘
09:47:48,6.96,0.0,87,60552,卖盘
09:47:51,6.96,0.0,734,510864,卖盘
09:47:54,6.96,0.0,249,173304,卖盘
09:47:57,6.96,0.0,2740,1907040,卖盘
09:48:00,6.96,0.0,332,231072,卖盘
09:48:03,6.96,0.0,672,467712,卖盘
09:48:06,6.96,0.0,563,391848,卖盘
09:48:09,6.96,0.0,234,162864,卖盘
09:48:12,6.96,0.0,442,307430,卖盘
09:48:15,6.96,0.0,130,90480,卖盘
09:48:18,6.96,0.0,69,48024,卖盘
09:48:21,6.96,0.0,253,176088,卖盘
09:48:24,6.96,0.0,359,249864,卖盘
09:48:27,6.96,0.0,1002,697392,卖盘
09:48:30,6.96,0.0,405,281880,卖盘
09:48:33,6.96,0.0,433,301368,卖盘
09:48:36,6.96,0.0,256,178176,卖盘
09:48:39,6.96,0.0,348,242208,卖盘
09:48:42,6.96,0.0,65,45240,卖盘
09:48:45,6.96,0.0,108,75168,卖盘
09:48:48,6.96,0.0,77,53592,卖盘
09:48:51,6.96,0.0,208,144768,卖盘
09:48:54,6.96,0.0,479,333384,卖盘
09:48:57,6.96,0.0,406,282576,卖盘
09:49:00,6.96,0.0,247,171912,卖盘
09:49:03,6.96,0.0,1217,847032,卖盘
09:49:06,6.96,0.0,28,19488,卖盘
09:49:09,6.96,0.0,220,153120,卖盘
09:49:12,6.96,0.0,53,36888,卖盘
09:49:15,6.96,0.0,117,81432,卖盘
09:49:18,6.96,0.0,61,42456,卖盘
09:49:21,6.96,0.0,225,156600,卖盘
09:49:24,6.96,0.0,33,22968,卖盘
09:49:27,6.96,0.0,496,345216,卖盘
09:49:30,6.96,0.0,168,116928,卖盘
09:49:33,6.96,0.0,520,361920,卖盘
09:49:36,6.96,0.0,181,125976,卖盘
09:49:39,6.96,0.0,54,37584,卖盘
09:49:42,6.96,0.0,103,71688,卖盘
09:49:45,6.96,0.0,14,9744,卖盘
09:49:48,6.96,0.0,290,201840,卖盘
09:49:51,6.96,0.0,80,55680,卖盘
09:49:54,6.96,0.0,171,119016,卖盘
09:49:57,6.96,0.0,161,112056,卖盘
09:50:00,6.96,0.0,87,60552,卖盘
09:50:03,6.96,0.0,194,135024,卖盘
09:50:06,6.96,0.0,25,17400,卖盘
09:50:09,6.96,0.0,20,13920,卖盘
09:50:12,6.96,0.0,47,32712,卖盘
09:50:15,6.96,0.0,136,94656,卖盘
09:50:18,6.96,0.0,95,66120,卖盘
09:50:21,6.96,0.0,47,32712,卖盘
09:50:24,6.96,0.0,12,8352,卖盘
09:50:27,6.96,0.0,87,60552,卖盘
09:50:30,6.96,0.0,91,63336,卖盘
09:50:33,6.96,0.0,291,202536,卖盘
09:50:36,6.96,0.0,52,36192,卖盘
09:50:39,6.96,0.0,182,126672,卖盘
09:50:42,6.96,0.0,252,175392,卖盘
09:50:48,6.96,0.0,109,75864,卖盘
09:50:51,6.96,0.0,10,6960,卖盘
09:50:54,6.96,0.0,177,123192,卖盘
09:50:57,6.96,0.0,151,105096,卖盘
09:51:00,6.96,0.0,5,3480,卖盘
09:51:03,6.96,0.0,48,33408,卖盘
09:51:06,6.96,0.0,168,116928,卖盘
09:51:09,6.96,0.0,88,61248,卖盘
09:51:12,6.96,0.0,162,112752,卖盘
09:51:15,6.96,0.0,95,66120,卖盘
09:51:18,6.96,0.0,41,28536,卖盘
09:51:24,6.96,0.0,1021,710616,卖盘
09:51:27,6.96,0.0,57,39672,卖盘
09:51:30,6.96,0.0,80,55680,卖盘
09:51:33,6.96,0.0,540,375840,卖盘
09:51:36,6.96,0.0,278,193488,卖盘
09:51:39,6.96,0.0,628,437088,卖盘
09:51:45,6.96,0.0,18,12528,卖盘
09:51:48,6.96,0.0,15,10440,卖盘
09:51:51,6.96,0.0,121,84216,卖盘
09:51:54,6.96,0.0,10,6960,卖盘
09:51:57,6.96,0.0,861,598978,卖盘
09:52:00,6.96,0.0,216,150336,卖盘
09:52:03,6.96,0.0,68,47328,卖盘
09:52:06,6.96,0.0,15,10440,卖盘
09:52:09,6.96,0.0,293,203928,卖盘
09:52:12,6.96,0.0,887,617352,卖盘
09:52:15,6.96,0.0,26,18096,卖盘
09:52:18,6.96,0.0,23,16008,卖盘
09:52:21,6.96,0.0,85,59160,卖盘
09:52:24,6.96,0.0,53,36888,卖盘
09:52:30,6.96,0.0,15,10440,卖盘
09:52:33,6.96,0.0,16,11136,卖盘
09:52:36,6.96,0.0,58,40368,卖盘
09:52:39,6.96,0.0,484,336864,卖盘
09:52:42,6.96,0.0,17,11832,卖盘
09:52:45,6.96,0.0,132,91872,卖盘
09:52:48,6.96,0.0,48,33408,卖盘
09:52:51,6.96,0.0,8,5568,卖盘
09:52:54,6.96,0.0,155,107880,卖盘
09:52:57,6.96,0.0,590,410640,卖盘
09:53:00,6.96,0.0,9,6264,卖盘
09:53:03,6.96,0.0,29,20184,卖盘
09:53:06,6.96,0.0,966,672336,卖盘
09:53:09,6.96,0.0,544,378624,卖盘
09:53:12,6.96,0.0,760,528960,卖盘
09:53:15,6.96,0.0,10,6960,卖盘
09:53:18,6.96,0.0,30,20880,卖盘
09:53:21,6.96,0.0,40,27840,卖盘
09:53:24,6.96,0.0,33,22968,卖盘
09:53:27,6.96,0.0,5,3480,卖盘
09:53:30,6.96,0.0,115,80040,卖盘
09:53:33,6.96,0.0,7,4872,卖盘
09:53:36,6.96,0.0,200,139200,卖盘
09:53:39,6.96,0.0,7,4872,卖盘
09:53:42,6.96,0.0,33,22968,卖盘
09:53:45,6.96,0.0,97,67512,卖盘
09:53:48,6.96,0.0,266,185136,卖盘
09:53:51,6.96,0.0,51,35496,卖盘
09:53:57,6.96,0.0,2688,1870848,卖盘
09:54:00,6.96,0.0,58,40368,卖盘
09:54:03,6.96,0.0,1,696,卖盘
09:54:06,6.96,0.0,164,114144,卖盘
09:54:09,6.96,0.0,11,7656,卖盘
09:54:12,6.96,0.0,517,359832,卖盘
09:54:15,6.96,0.0,22,15312,卖盘
09:54:18,6.96,0.0,250,174000,卖盘
09:54:21,6.96,0.0,12,8352,卖盘
09:54:24,6.96,0.0,120,83520,卖盘
09:54:33,6.96,0.0,20,13920,卖盘
09:54:36,6.96,0.0,7,4872,卖盘
09:54:42,6.96,0.0,67,46632,卖盘
09:54:45,6.96,0.0,126,87696,卖盘
09:54:48,6.96,0.0,53,36888,卖盘
09:54:51,6.96,0.0,3,2088,卖盘
09:54:54,6.96,0.0,2,1392,卖盘
09:54:57,6.96,0.0,10,6960,卖盘
09:55:00,6.96,0.0,53,36888,卖盘
09:55:03,6.96,0.0,74,51504,卖盘
09:55:06,6.96,0.0,68,47328,卖盘
09:55:09,6.96,0.0,41,28536,卖盘
09:55:12,6.96,0.0,3,2088,卖盘
09:55:15,6.96,0.0,4,2784,卖盘
09:55:18,6.96,0.0,21,14616,卖盘
09:55:24,6.96,0.0,11,7656,卖盘
09:55:27,6.96,0.0,10,6960,卖盘
09:55:30,6.96,0.0,63,43848,卖盘
09:55:36,6.96,0.0,29,20184,卖盘
09:55:39,6.96,0.0,1,696,卖盘
09:55:42,6.96,0.0,4,2784,卖盘
09:55:45,6.96,0.0,3,2088,卖盘
09:55:48,6.96,0.0,2,1392,卖盘
09:55:51,6.96,0.0,7,4872,卖盘
09:55:54,6.96,0.0,46,32016,卖盘
09:55:57,6.96,0.0,19,13224,卖盘
09:56:00,6.96,0.0,20,13920,卖盘
09:56:03,6.96,0.0,35,24360,卖盘
09:56:06,6.96,0.0,1,696,卖盘
09:56:12,6.96,0.0,22,15312,卖盘
09:56:15,6.96,0.0,52,36192,卖盘
09:56:18,6.96,0.0,41,28536,卖盘
09:56:24,6.96,0.0,5,3480,卖盘
09:56:33,6.96,0.0,100,69600,卖盘
09:56:36,6.96,0.0,45,31320,卖盘
09:56:42,6.96,0.0,40,27840,卖盘
09:56:45,6.96,0.0,106,73776,卖盘
09:56:48,6.96,0.0,14,9744,卖盘
09:57:03,6.96,0.0,17,11832,卖盘
09:57:09,6.96,0.0,13,9048,卖盘
09:57:12,6.96,0.0,23,16008,卖盘
09:57:21,6.96,0.0,2,1392,卖盘
09:57:30,6.96,0.0,228,158688,卖盘
09:57:33,6.96,0.0,6,4176,卖盘
09:57:39,6.96,0.0,22,15312,卖盘
09:57:42,6.96,0.0,1133,788568,卖盘
09:57:48,6.96,0.0,108,75168,卖盘
09:57:54,6.96,0.0,13,9048,卖盘
09:57:57,6.96,0.0,396,275616,卖盘
09:58:00,6.96,0.0,9,6264,卖盘
09:58:03,6.96,0.0,10,6960,卖盘
09:58:09,6.96,0.0,456,317376,卖盘
09:58:12,6.96,0.0,89,61944,卖盘
09:58:21,6.96,0.0,23,16008,卖盘
09:58:30,6.96,0.0,29,20184,卖盘
09:58:39,6.96,0.0,20,13920,卖盘
09:58:42,6.96,0.0,117,81432,卖盘
09:58:45,6.96,0.0,360,250560,卖盘
09:58:48,6.96,0.0,363,252648,卖盘
09:59:06,6.96,0.0,326,226896,卖盘
09:59:09,6.96,0.0,68,47328,卖盘
09:59:12,6.96,0.0,9,6264,卖盘
09:59:15,6.96,0.0,30,20880,卖盘
09:59:18,6.96,0.0,77,53592,卖盘
09:59:21,6.96,0.0,1,696,卖盘
09:59:24,6.96,0.0,116,80736,卖盘
09:59:30,6.96,0.0,8,5568,卖盘
09:59:33,6.96,0.0,50,34800,卖盘
09:59:36,6.96,0.0,74,51504,卖盘
09:59:39,6.96,0.0,25,17400,卖盘
09:59:45,6.96,0.0,116,80736,卖盘
09:59:54,6.96,0.0,35,24360,卖盘
09:59:57,6.96,0.0,104,72384,卖盘
10:00:03,6.96,0.0,1,696,卖盘
10:00:06,6.96,0.0,48,33408,卖盘
10:00:12,6.96,0.0,30,20880,卖盘
10:00:15,6.96,0.0,26,18096,卖盘
10:00:18,6.96,0.0,5,3480,卖盘
10:00:21,6.96,0.0,3,2088,卖盘
10:00:24,6.96,0.0,28,19488,卖盘
10:00:27,6.96,0.0,33,22968,卖盘
10:00:30,6.96,0.0,1,696,卖盘
10:00:33,6.96,0.0,127,88392,卖盘
10:00:36,6.96,0.0,18,12528,卖盘
10:00:39,6.96,0.0,230,160080,卖盘
10:00:42,6.96,0.0,40,27840,卖盘
10:00:48,6.96,0.0,519,361224,卖盘
10:00:51,6.96,0.0,4,2784,卖盘
10:00:54,6.96,0.0,134,93264,卖盘
10:00:57,6.96,0.0,100,69600,卖盘
10:01:00,6.96,0.0,67,46632,卖盘
10:01:09,6.96,0.0,17,11832,卖盘
10:01:12,6.96,0.0,334,232464,卖盘
10:01:15,6.96,0.0,193,134328,卖盘
10:01:18,6.96,0.0,2,1392,卖盘
10:01:21,6.96,0.0,62,43152,卖盘
10:01:24,6.96,0.0,13,9048,卖盘
10:01:27,6.96,0.0,15,10440,卖盘
10:01:30,6.96,0.0,1,696,卖盘
10:01:33,6.96,0.0,1,696,卖盘
10:01:36,6.96,0.0,27,18792,卖盘
10:01:39,6.96,0.0,100,69600,卖盘
10:01:42,6.96,0.0,2,1392,卖盘
10:01:45,6.96,0.0,46,32016,卖盘
10:01:48,6.96,0.0,7,4872,卖盘
10:01:51,6.96,0.0,59,41064,卖盘
10:01:54,6.96,0.0,14,9744,卖盘
10:01:57,6.96,0.0,10,6960,卖盘
10:02:03,6.96,0.0,216,150336,卖盘
10:02:06,6.96,0.0,209,145464,卖盘
10:02:18,6.96,0.0,100,69600,卖盘
10:02:21,6.96,0.0,10,6960,卖盘
10:02:24,6.96,0.0,15,10440,卖盘
10:02:27,6.96,0.0,19,13224,卖盘
10:02:33,6.96,0.0,112,77952,卖盘
10:02:36,6.96,0.0,71,49416,卖盘
10:02:39,6.96,0.0,3,2088,卖盘
10:02:42,6.96,0.0,5,3480,卖盘
10:02:45,6.96,0.0,10,6960,卖盘
10:02:51,6.96,0.0,21,14616,卖盘
10:02:54,6.96,0.0,20,13920,卖盘
10:02:57,6.96,0.0,111,77256,卖盘
10:03:03,6.96,0.0,20,13920,卖盘
10:03:06,6.96,0.0,66,45936,卖盘
10:03:09,6.96,0.0,20,13920,卖盘
10:03:12,6.96,0.0,474,329904,卖盘
10:03:18,6.96,0.0,30,20880,卖盘
10:03:21,6.96,0.0,64,44544,卖盘
10:03:24,6.96,0.0,1,696,卖盘
10:03:27,6.96,0.0,68,47328,卖盘
10:03:30,6.96,0.0,22,15312,卖盘
10:03:39,6.96,0.0,40,27840,卖盘
10:03:42,6.96,0.0,27,18792,卖盘
10:03:45,6.96,0.0,46,32016,卖盘
10:03:48,6.96,0.0,5,3480,卖盘
10:03:51,6.96,0.0,24,16704,卖盘
10:03:54,6.96,0.0,118,82128,卖盘
10:03:57,6.96,0.0,5,3480,卖盘
10:04:00,6.96,0.0,7,4872,卖盘
10:04:03,6.96,0.0,1,696,卖盘
10:04:06,6.96,0.0,10,6960,卖盘
10:04:09,6.96,0.0,30,20880,卖盘
10:04:12,6.96,0.0,113,78648,卖盘
10:04:15,6.96,0.0,96,66816,卖盘
10:04:21,6.96,0.0,30,20880,卖盘
10:04:24,6.96,0.0,8,5568,卖盘
10:04:27,6.96,0.0,5,3480,卖盘
10:04:33,6.96,0.0,15,10440,卖盘
10:04:39,6.96,0.0,14,9744,卖盘
10:04:42,6.96,0.0,134,93264,卖盘
10:04:48,6.96,0.0,16,11136,卖盘
10:04:54,6.96,0.0,7,4872,卖盘
10:04:57,6.96,0.0,69,48024,卖盘
10:05:03,6.96,0.0,2,1392,卖盘
10:05:06,6.96,0.0,23,16008,卖盘
10:05:09,6.96,0.0,20,13920,卖盘
10:05:15,6.96,0.0,108,75168,卖盘
10:05:18,6.96,0.0,2,1392,卖盘
10:05:24,6.96,0.0,5,3480,卖盘
10:05:30,6.96,0.0,92,64032,卖盘
10:05:33,6.96,0.0,20,13920,卖盘
10:05:36,6.96,0.0,95,66120,卖盘
10:05:39,6.96,0.0,70,48720,卖盘
10:05:42,6.96,0.0,11,7656,卖盘
10:05:45,6.96,0.0,3,2088,卖盘
10:05:48,6.96,0.0,18,12528,卖盘
10:05:51,6.96,0.0,29,20184,卖盘
10:05:54,6.96,0.0,172,119712,卖盘
10:05:57,6.96,0.0,112,77952,卖盘
10:06:00,6.96,0.0,152,105792,卖盘
10:06:03,6.96,0.0,25,17400,卖盘
10:06:06,6.96,0.0,25,17400,卖盘
10:06:09,6.96,0.0,10,6960,卖盘
10:06:12,6.96,0.0,10,6960,卖盘
10:06:15,6.96,0.0,200,139200,卖盘
10:06:18,6.96,0.0,45,31320,卖盘
10:06:24,6.96,0.0,30,20880,卖盘
10:06:27,6.96,0.0,61,42456,卖盘
10:06:36,6.96,0.0,70,48720,卖盘
10:06:39,6.96,0.0,71,49416,卖盘
10:06:42,6.96,0.0,6,4176,卖盘
10:06:48,6.96,0.0,13,9048,卖盘
10:06:51,6.96,0.0,3,2088,卖盘
10:06:54,6.96,0.0,24,16704,卖盘
10:06:57,6.96,0.0,510,354960,卖盘
10:07:00,6.96,0.0,549,382104,卖盘
10:07:03,6.96,0.0,34,23664,卖盘
10:07:06,6.96,0.0,13,9048,卖盘
10:07:09,6.96,0.0,6,4176,卖盘
10:07:12,6.96,0.0,3,2088,卖盘
10:07:15,6.96,0.0,5,3480,卖盘
10:07:21,6.96,0.0,184,128064,卖盘
10:07:24,6.96,0.0,534,371664,卖盘
10:07:27,6.96,0.0,45,31320,卖盘
10:07:30,6.96,0.0,85,59160,卖盘
10:07:33,6.96,0.0,5,3480,卖盘
10:07:36,6.96,0.0,2,1392,卖盘
10:07:39,6.96,0.0,20,13920,卖盘
10:07:42,6.96,0.0,8,5568,卖盘
10:07:45,6.96,0.0,1598,1112208,卖盘
10:07:48,6.96,0.0,21,14616,卖盘
10:07:54,6.96,0.0,545,379320,卖盘
10:07:57,6.96,0.0,36,25056,卖盘
10:08:00,6.96,0.0,92,64032,卖盘
10:08:09,6.96,0.0,15,10440,卖盘
10:08:12,6.96,0.0,382,265872,卖盘
10:08:15,6.96,0.0,29,20184,卖盘
10:08:18,6.96,0.0,17,11832,卖盘
10:08:21,6.96,0.0,1,696,卖盘
10:08:24,6.96,0.0,14,9744,卖盘
10:08:27,6.96,0.0,5,3480,卖盘
10:08:30,6.96,0.0,3,2088,卖盘
10:08:33,6.96,0.0,17,11832,卖盘
10:08:36,6.96,0.0,48,33408,卖盘
10:08:39,6.96,0.0,50,34800,卖盘
10:08:45,6.96,0.0,20,13920,卖盘
10:08:48,6.96,0.0,10,6960,卖盘
10:08:54,6.96,0.0,10,6960,卖盘
10:08:57,6.96,0.0,204,141984,卖盘
10:09:00,6.96,0.0,12,8352,卖盘
10:09:06,6.96,0.0,26,18096,卖盘
10:09:09,6.96,0.0,50,34800,卖盘
10:09:15,6.96,0.0,10,6960,卖盘
10:09:24,6.96,0.0,10,6960,卖盘
10:09:30,6.96,0.0,60,41760,卖盘
10:09:33,6.96,0.0,58,40368,卖盘
10:09:48,6.96,0.0,24,16704,卖盘
10:09:51,6.96,0.0,4,2784,卖盘
10:09:54,6.96,0.0,5,3480,卖盘
10:10:03,6.96,0.0,3,2088,卖盘
10:10:09,6.96,0.0,1,696,卖盘
10:10:15,6.96,0.0,7,4872,卖盘
10:10:18,6.96,0.0,25,17400,卖盘
10:10:24,6.96,0.0,1,696,卖盘
10:10:27,6.96,0.0,62,43152,卖盘
10:10:33,6.96,0.0,4,2784,卖盘
10:10:36,6.96,0.0,10,6960,卖盘
10:10:39,6.96,0.0,22,15312,卖盘
10:10:45,6.96,0.0,8,5568,卖盘
10:10:57,6.96,0.0,80,55680,卖盘
10:11:03,6.96,0.0,84,58464,卖盘
10:11:06,6.96,0.0,2,1392,卖盘
10:11:09,6.96,0.0,2,1392,卖盘
10:11:12,6.96,0.0,14,9744,卖盘
10:11:15,6.96,0.0,30,20880,卖盘
10:11:18,6.96,0.0,4,2784,卖盘
10:11:21,6.96,0.0,66,45936,卖盘
10:11:24,6.96,0.0,50,34800,卖盘
10:11:39,6.96,0.0,3,2088,卖盘
10:11:45,6.96,0.0,16,11136,卖盘
10:11:48,6.96,0.0,36,25056,卖盘
10:11:51,6.96,0.0,10,6960,卖盘
10:11:54,6.96,0.0,1,696,卖盘
10:11:57,6.96,0.0,12,8352,卖盘
10:12:09,6.96,0.0,57,39672,卖盘
10:12:15,6.96,0.0,9,6264,卖盘
10:12:18,6.96,0.0,37,25752,卖盘
10:12:21,6.96,0.0,20,13920,卖盘
10:12:27,6.96,0.0,1,696,卖盘
10:12:33,6.96,0.0,11,7656,卖盘
10:12:39,6.96,0.0,2,1392,卖盘
10:12:42,6.96,0.0,10,6960,卖盘
10:12:45,6.96,0.0,5,3480,卖盘
10:12:48,6.96,0.0,18,12528,卖盘
10:12:57,6.96,0.0,2,1392,卖盘
10:13:03,6.96,0.0,9,6264,卖盘
10:13:12,6.96,0.0,281,195576,卖盘
10:13:24,6.96,0.0,252,175392,卖盘
10:13:27,6.96,0.0,3,2088,卖盘
10:13:42,6.96,0.0,10,6960,卖盘
10:13:45,6.96,0.0,331,230376,卖盘
10:13:51,6.96,0.0,10,6960,卖盘
10:14:03,6.96,0.0,254,176784,卖盘
10:14:06,6.96,0.0,1,696,卖盘
10:14:09,6.96,0.0,15,10440,卖盘
10:14:12,6.96,0.0,5,3480,卖盘
10:14:24,6.96,0.0,14,9744,卖盘
10:14:33,6.96,0.0,7,4872,卖盘
10:14:36,6.96,0.0,495,344520,卖盘
10:14:39,6.96,0.0,1,696,卖盘
10:14:42,6.96,0.0,4,2784,卖盘
10:14:45,6.96,0.0,10,6960,卖盘
10:14:48,6.96,0.0,26,18096,卖盘
10:15:00,6.96,0.0,5,3480,卖盘
10:15:12,6.96,0.0,30,20880,卖盘
10:15:15,6.96,0.0,3,2088,卖盘
10:15:18,6.96,0.0,1,696,卖盘
10:15:27,6.96,0.0,12,8352,卖盘
10:15:30,6.96,0.0,1,696,卖盘
10:15:33,6.96,0.0,152,105792,卖盘
10:15:36,6.96,0.0,46,32016,卖盘
10:15:45,6.96,0.0,30,20880,卖盘
10:15:51,6.96,0.0,26,18096,卖盘
10:15:57,6.96,0.0,127,88392,卖盘
10:16:00,6.96,0.0,22,15312,卖盘
10:16:03,6.96,0.0,110,76560,卖盘
10:16:12,6.96,0.0,85,59160,卖盘
10:16:18,6.96,0.0,151,105096,卖盘
10:16:21,6.96,0.0,10,6960,卖盘
10:16:27,6.96,0.0,40,27840,卖盘
10:16:30,6.96,0.0,2,1392,卖盘
10:16:33,6.96,0.0,20,13920,卖盘
10:16:42,6.96,0.0,120,83520,卖盘
10:16:48,6.96,0.0,3,2088,卖盘
10:16:51,6.96,0.0,400,278400,卖盘
10:16:57,6.96,0.0,20,13920,卖盘
10:17:00,6.96,0.0,20,13920,卖盘
10:17:06,6.96,0.0,1,696,卖盘
10:17:30,6.96,0.0,20,13920,卖盘
10:17:33,6.96,0.0,3,2088,卖盘
10:17:39,6.96,0.0,9,6264,卖盘
10:17:42,6.96,0.0,6,4176,卖盘
10:17:48,6.96,0.0,10,6960,卖盘
10:17:54,6.96,0.0,100,69600,卖盘
10:18:00,6.96,0.0,11,7656,卖盘
10:18:09,6.96,0.0,60,41760,卖盘
10:18:18,6.96,0.0,153,106488,卖盘
10:18:21,6.96,0.0,1,696,卖盘
10:18:27,6.96,0.0,5,3480,卖盘
10:18:33,6.96,0.0,89,61944,卖盘
10:18:36,6.96,0.0,3,2088,卖盘
10:18:42,6.96,0.0,1,696,卖盘
10:18:45,6.96,0.0,1,696,卖盘
10:18:51,6.96,0.0,108,75168,卖盘
10:18:57,6.96,0.0,55,38280,卖盘
10:19:03,6.96,0.0,1035,720360,卖盘
10:19:09,6.96,0.0,5,3480,卖盘
10:19:12,6.96,0.0,40,27840,卖盘
10:19:18,6.96,0.0,5,3480,卖盘
10:19:27,6.96,0.0,45,31320,卖盘
10:19:33,6.96,0.0,10,6960,卖盘
10:19:45,6.96,0.0,23,16008,卖盘
10:19:57,6.96,0.0,10,6960,卖盘
10:20:00,6.96,0.0,5,3480,卖盘
10:20:03,6.96,0.0,10,6960,卖盘
10:20:06,6.96,0.0,13,9048,卖盘
10:20:24,6.96,0.0,30,20880,卖盘
10:20:27,6.96,0.0,1,696,卖盘
10:20:30,6.96,0.0,40,27840,卖盘
10:20:36,6.96,0.0,10,6960,卖盘
10:20:39,6.96,0.0,5,3480,卖盘
10:20:42,6.96,0.0,25,17400,卖盘
10:20:48,6.96,0.0,120,83520,卖盘
10:20:57,6.96,0.0,5,3480,卖盘
10:21:03,6.96,0.0,68,47328,卖盘
10:21:15,6.96,0.0,50,34800,卖盘
10:21:18,6.96,0.0,5,3480,卖盘
10:21:21,6.96,0.0,600,417600,卖盘
10:21:27,6.96,0.0,13,9048,卖盘
10:21:33,6.96,0.0,3,2088,卖盘
10:21:36,6.96,0.0,9,6264,卖盘
10:21:39,6.96,0.0,30,20880,卖盘
10:21:45,6.96,0.0,10,6960,卖盘
10:21:48,6.96,0.0,2,1392,卖盘
10:21:54,6.96,0.0,5,3480,卖盘
10:22:00,6.96,0.0,400,278400,卖盘
10:22:03,6.96,0.0,20,13920,卖盘
10:22:15,6.96,0.0,20,13920,卖盘
10:22:18,6.96,0.0,19,13224,卖盘
10:22:33,6.96,0.0,49,34104,卖盘
10:22:39,6.96,0.0,10,6960,卖盘
10:22:42,6.96,0.0,52,36192,卖盘
10:22:48,6.96,0.0,4,2784,卖盘
10:22:51,6.96,0.0,2,1392,卖盘
10:22:57,6.96,0.0,25,17400,卖盘
10:23:00,6.96,0.0,109,75864,卖盘
10:23:03,6.96,0.0,46,32016,卖盘
10:23:06,6.96,0.0,10,6960,卖盘
10:23:09,6.96,0.0,34,23664,卖盘
10:23:12,6.96,0.0,370,257520,卖盘
10:23:15,6.96,0.0,30,20880,卖盘
10:23:18,6.96,0.0,10,6960,卖盘
10:23:27,6.96,0.0,47,32712,卖盘
10:23:36,6.96,0.0,11,7656,卖盘
10:23:42,6.96,0.0,5,3480,卖盘
10:23:45,6.96,0.0,36,25056,卖盘
10:23:48,6.96,0.0,2,1392,卖盘
10:23:51,6.96,0.0,5,3480,卖盘
10:23:54,6.96,0.0,480,334080,卖盘
10:24:03,6.96,0.0,1,696,卖盘
10:24:06,6.96,0.0,49,34104,卖盘
10:24:09,6.96,0.0,10,6960,卖盘
10:24:15,6.96,0.0,1,696,卖盘
10:24:18,6.96,0.0,5,3480,卖盘
10:24:21,6.96,0.0,31,21576,卖盘
10:24:33,6.96,0.0,3,2088,卖盘
10:24:36,6.96,0.0,91,63336,卖盘
10:24:45,6.96,0.0,66,45936,卖盘
10:24:51,6.96,0.0,38,26448,卖盘
10:24:54,6.96,0.0,165,114840,卖盘
10:24:57,6.96,0.0,150,104400,卖盘
10:25:03,6.96,0.0,31,21576,卖盘
10:25:06,6.96,0.0,200,139200,卖盘
10:25:15,6.96,0.0,30,20880,卖盘
10:25:18,6.96,0.0,15,10440,卖盘
10:25:27,6.96,0.0,2,1392,卖盘
10:25:30,6.96,0.0,384,267264,卖盘
10:25:33,6.96,0.0,11,7656,卖盘
10:25:36,6.96,0.0,3,2088,卖盘
10:25:39,6.96,0.0,100,69600,卖盘
10:25:42,6.96,0.0,43,29928,卖盘
10:25:45,6.96,0.0,38,26448,卖盘
10:25:51,6.96,0.0,5,3480,卖盘
10:25:54,6.96,0.0,34,23664,卖盘
10:25:57,6.96,0.0,20,13920,卖盘
10:26:00,6.96,0.0,49,34104,卖盘
10:26:12,6.96,0.0,548,381408,卖盘
10:26:24,6.96,0.0,313,217848,卖盘
10:26:27,6.96,0.0,40,27840,卖盘
10:26:30,6.96,0.0,630,438480,卖盘
10:26:33,6.96,0.0,1,696,卖盘
10:26:39,6.96,0.0,19,13224,卖盘
10:26:42,6.96,0.0,9,6264,卖盘
10:26:48,6.96,0.0,20,13920,卖盘
10:26:51,6.96,0.0,10,6960,卖盘
10:26:54,6.96,0.0,34,23664,卖盘
10:26:57,6.96,0.0,60,41760,卖盘
10:27:00,6.96,0.0,5,3480,卖盘
10:27:06,6.96,0.0,5,3480,卖盘
10:27:09,6.96,0.0,166,115536,卖盘
10:27:12,6.96,0.0,2,1392,卖盘
10:27:15,6.96,0.0,105,73080,卖盘
10:27:18,6.96,0.0,1,696,卖盘
10:27:21,6.96,0.0,40,27840,卖盘
10:27:24,6.96,0.0,102,70992,卖盘
10:27:27,6.96,0.0,350,243600,卖盘
10:27:30,6.96,0.0,151,105096,卖盘
10:27:33,6.96,0.0,164,114144,卖盘
10:27:36,6.96,0.0,31,21576,卖盘
10:27:39,6.96,0.0,146,101616,卖盘
10:27:42,6.96,0.0,185,128760,卖盘
10:27:45,6.96,0.0,158,109968,卖盘
10:27:48,6.96,0.0,165,114840,卖盘
10:27:51,6.96,0.0,60,41760,卖盘
10:27:54,6.96,0.0,246,171216,卖盘
10:27:57,6.96,0.0,150,104400,卖盘
10:28:00,6.96,0.0,258,179568,卖盘
10:28:03,6.96,0.0,108,75168,卖盘
10:28:06,6.96,0.0,364,253344,卖盘
10:28:09,6.96,0.0,251,174696,卖盘
10:28:12,6.96,0.0,158,109968,卖盘
10:28:15,6.96,0.0,146,101616,卖盘
10:28:18,6.96,0.0,891,620136,卖盘
10:28:21,6.96,0.0,296,206016,卖盘
10:28:24,6.96,0.0,546,380016,卖盘
10:28:27,6.96,0.0,209,145464,卖盘
10:28:30,6.96,0.0,269,187224,卖盘
10:28:33,6.96,0.0,151,105096,卖盘
10:28:36,6.96,0.0,361,251256,卖盘
10:28:39,6.96,0.0,447,311112,卖盘
10:28:42,6.96,0.0,623,433608,卖盘
10:28:45,6.96,0.0,564,392544,卖盘
10:28:48,6.96,0.0,151,105096,卖盘
10:28:51,6.96,0.0,296,206016,卖盘
10:28:54,6.96,0.0,212,147552,卖盘
10:28:57,6.96,0.0,284,197664,卖盘
10:29:00,6.96,0.0,639,444744,卖盘
10:29:03,6.96,0.0,279,194184,卖盘
10:29:06,6.96,0.0,219,152424,卖盘
10:29:09,6.96,0.0,329,228984,卖盘
10:29:12,6.96,0.0,1715,1193640,卖盘
10:29:15,6.96,0.0,235,163560,卖盘
10:29:18,6.96,0.0,945,657720,卖盘
10:29:21,6.96,0.0,436,303456,卖盘
10:29:24,6.96,0.0,255,177480,卖盘
10:29:27,6.96,0.0,172,119712,卖盘
10:29:30,6.96,0.0,313,217848,卖盘
10:29:33,6.96,0.0,472,328512,卖盘
10:29:36,6.96,0.0,246,171216,卖盘
10:29:39,6.96,0.0,99,68904,卖盘
10:29:42,6.96,0.0,2380,1656480,卖盘
10:29:45,6.96,0.0,2943,2048328,卖盘
10:29:48,6.96,0.0,2925,2035800,卖盘
10:29:51,6.96,0.0,20390,14191440,卖盘
10:29:54,6.96,0.0,5506,3832176,卖盘
10:29:57,6.96,0.0,3231,2248776,卖盘
10:30:00,6.86,-0.1,16924,11764806,卖盘
10:30:03,6.76,-0.1,3507,2385829,卖盘
10:30:06,6.66,-0.1,2141,1433133,卖盘
10:30:09,6.68,0.02,649,435059,中性盘
10:30:12,6.68,0.0,850,568500,卖盘
10:30:15,6.71,0.03,468,313764,买盘
10:30:18,6.72,0.01,405,271659,买盘
10:30:21,6.72,0.0,1261,846173,买盘
10:30:24,6.72,0.0,905,607609,买盘
10:30:27,6.73,0.01,1790,1200928,买盘
10:30:30,6.7,-0.03,1952,1309393,卖盘
10:30:33,6.72,0.02,247,165783,买盘
10:30:36,6.73,0.01,1487,1002839,买盘
10:30:39,6.82,0.09,1343,909198,买盘
10:30:42,6.8,-0.02,1951,1326732,卖盘
10:30:45,6.76,-0.04,6202,4233673,卖盘
10:30:48,6.77,0.01,143,96767,买盘
10:30:51,6.77,0.0,383,259830,买盘
10:30:54,6.77,0.0,1195,808261,卖盘
10:30:57,6.79,0.02,234,158774,买盘
10:31:00,6.8,0.01,389,264115,买盘
10:31:03,6.75,-0.05,2499,1688668,卖盘
10:31:06,6.73,-0.02,1331,896733,卖盘
10:31:09,6.73,0.0,351,236154,买盘
10:31:12,6.72,-0.01,234,157523,卖盘
10:31:15,6.72,0.0,751,504744,买盘
10:31:18,6.73,0.01,346,232963,中性盘
10:31:21,6.73,0.0,93,62659,卖盘
10:31:24,6.74,0.01,224,151055,中性盘
10:31:27,6.74,0.0,319,215130,卖盘
10:31:30,6.75,0.01,531,358242,买盘
10:31:33,6.75,0.0,288,194570,卖盘
10:31:36,6.76,0.01,254,171678,买盘
10:31:39,6.76,0.0,126,85170,买盘
10:31:42,6.75,-0.01,872,588767,卖盘
10:31:45,6.73,-0.02,616,415333,卖盘
10:31:48,6.73,0.0,578,389758,卖盘
10:31:51,6.74,0.01,238,160228,买盘
10:31:54,6.74,0.0,192,129408,买盘
10:31:57,6.74,0.0,359,241891,卖盘
10:32:00,6.74,0.0,511,344345,买盘
10:32:03,6.74,0.0,420,283071,买盘
10:32:06,6.75,0.01,133,89657,买盘
10:32:09,6.75,0.0,328,221123,买盘
10:32:12,6.74,-0.01,618,416726,卖盘
10:32:15,6.75,0.01,636,429107,买盘
10:32:18,6.76,0.01,1461,987435,买盘
10:32:21,6.76,0.0,382,258039,卖盘
10:32:24,6.77,0.01,750,507801,买盘
10:32:27,6.78,0.01,242,163957,买盘
10:32:30,6.79,0.01,603,408666,买盘
10:32:33,6.79,0.0,165,111994,买盘
10:32:36,6.79,0.0,424,287691,买盘
10:32:39,6.79,0.0,596,404170,买盘
10:32:42,6.79,0.0,348,236240,买盘
10:32:45,6.79,0.0,1092,741467,卖盘
10:32:48,6.78,-0.01,199,135101,卖盘
10:32:51,6.79,0.01,580,394107,买盘
10:32:54,6.78,-0.01,307,207989,买盘
10:32:57,6.79,0.01,1572,1065587,买盘
10:33:00,6.78,-0.01,678,460200,卖盘
10:33:03,6.74,-0.04,659,444676,卖盘
10:33:06,6.71,-0.03,967,649734,卖盘
10:33:09,6.71,0.0,382,256462,卖盘
10:33:12,6.71,0.0,543,364369,买盘
10:33:15,6.71,0.0,79,52971,买盘
10:33:18,6.72,0.01,877,588173,买盘
10:33:21,6.72,0.0,288,193536,买盘
10:33:24,6.71,-0.01,107,71833,卖盘
10:33:27,6.71,0.0,1348,904469,卖盘
10:33:30,6.7,-0.01,162,108642,卖盘
10:33:33,6.7,0.0,901,604094,买盘
10:33:36,6.7,0.0,431,289109,卖盘
10:33:39,6.7,0.0,799,534710,卖盘
10:33:42,6.69,-0.01,526,352595,卖盘
10:33:45,6.69,0.0,605,404828,买盘
10:33:48,6.7,0.01,86,57568,买盘
10:33:51,6.7,0.0,170,113781,买盘
10:33:54,6.7,0.0,52,34810,买盘
10:33:57,6.68,-0.02,2965,1982132,卖盘
10:34:00,6.7,0.02,232,155493,中性盘
10:34:03,6.66,-0.04,1221,814684,卖盘
10:34:06,6.67,0.01,212,141292,买盘
10:34:09,6.66,-0.01,199,132701,卖盘
10:34:12,6.67,0.01,467,311969,中性盘
10:34:18,6.68,0.01,24,16064,卖盘
10:34:21,6.68,0.0,247,165098,卖盘
10:34:24,6.7,0.02,55,36815,买盘
10:34:27,6.7,0.0,309,206983,买盘
10:34:30,6.71,0.01,331,221893,买盘
10:34:33,6.71,0.0,477,319589,买盘
10:34:36,6.72,0.01,511,342947,买盘
10:34:39,6.73,0.01,1592,1069835,买盘
10:34:42,6.74,0.01,27,18191,买盘
10:34:45,6.74,0.0,79,53237,买盘
10:34:48,6.74,0.0,332,223740,买盘
10:34:51,6.74,0.0,556,374823,买盘
10:34:54,6.75,0.01,117,78897,买盘
10:34:57,6.74,-0.01,1178,794432,卖盘
10:35:00,6.73,-0.01,381,256796,卖盘
10:35:03,6.74,0.01,193,130075,买盘
10:35:06,6.74,0.0,1187,798989,卖盘
10:35:09,6.74,0.0,220,148249,卖盘
10:35:12,6.74,0.0,35,23589,买盘
10:35:15,6.74,0.0,446,300412,买盘
10:35:18,6.73,-0.01,485,326076,卖盘
10:35:21,6.73,0.0,86,57826,买盘
10:35:24,6.73,0.0,49,32961,买盘
10:35:27,6.73,0.0,155,104271,买盘
10:35:30,6.73,0.0,231,155186,买盘
10:35:33,6.7,-0.03,24,16094,卖盘
10:35:36,6.69,-0.01,784,525766,卖盘
10:35:39,6.71,0.02,54,36234,买盘
10:35:42,6.7,-0.01,89,59728,卖盘
10:35:45,6.71,0.01,1394,934140,买盘
10:35:48,6.72,0.01,61,40987,买盘
10:35:51,6.71,-0.01,241,161623,卖盘
10:35:54,6.71,0.0,74,49653,买盘
10:35:57,6.72,0.01,483,324103,买盘
10:36:00,6.73,0.01,15,10093,买盘
10:36:03,6.73,0.0,60,40380,买盘
10:36:06,6.76,0.03,801,540385,买盘
10:36:09,6.77,0.01,189,127957,买盘
10:36:12,6.79,0.02,215,145652,买盘
10:36:15,6.78,-0.01,42,28515,卖盘
10:36:18,6.81,0.03,527,358489,买盘
10:36:21,6.81,0.0,680,463093,卖盘
10:36:24,6.83,0.02,882,601201,买盘
10:36:27,6.84,0.01,288,196705,买盘
10:36:30,6.84,0.0,412,281735,买盘
10:36:33,6.85,0.01,89,60911,买盘
10:36:36,6.85,0.0,229,156822,买盘
10:36:39,6.85,0.0,362,248054,卖盘
10:36:42,6.85,0.0,48,32905,卖盘
10:36:45,6.85,0.0,151,103512,卖盘
10:36:48,6.86,0.01,442,303316,中性盘
10:36:51,6.87,0.01,376,258133,中性盘
10:36:54,6.86,-0.01,167,114798,卖盘
10:36:57,6.87,0.01,101,69434,中性盘
10:37:00,6.88,0.01,168,115468,卖盘
10:37:03,6.87,-0.01,1004,689851,卖盘
10:37:06,6.88,0.01,348,238811,买盘
10:37:09,6.87,-0.01,275,189115,卖盘
10:37:12,6.87,0.0,2061,1420709,卖盘
10:37:15,6.87,0.0,45,30882,买盘
10:37:18,6.85,-0.02,92,63169,卖盘
10:37:21,6.84,-0.01,148,101322,卖盘
10:37:24,6.83,-0.01,23,15720,卖盘
10:37:27,6.84,0.01,333,227754,买盘
10:37:30,6.81,-0.03,121,82536,卖盘
10:37:33,6.83,0.02,185,126345,买盘
10:37:36,6.81,-0.02,32,21795,中性盘
10:37:39,6.8,-0.01,172,117052,卖盘
10:37:42,6.8,0.0,245,166692,卖盘
10:37:45,6.8,0.0,17,11552,买盘
10:37:48,6.79,-0.01,127,86269,卖盘
10:37:51,6.79,0.0,2,1358,买盘
10:37:54,6.75,-0.04,385,260798,卖盘
10:37:57,6.78,0.03,56,37968,买盘
10:38:00,6.74,-0.04,1444,974755,卖盘
10:38:03,6.75,0.01,69,46642,中性盘
10:38:06,6.75,0.0,169,114076,卖盘
10:38:09,6.76,0.01,142,95888,买盘
10:38:12,6.77,0.01,48,32482,买盘
10:38:15,6.75,-0.02,64,43207,卖盘
10:38:18,6.77,0.02,1,677,买盘
10:38:21,6.75,-0.02,106,71576,卖盘
10:38:24,6.75,0.0,201,135727,卖盘
10:38:27,6.75,0.0,66,44550,买盘
10:38:30,6.75,0.0,5,3375,买盘
10:38:33,6.74,-0.01,5,3370,卖盘
10:38:36,6.75,0.01,31,20897,买盘
10:38:39,6.74,-0.01,44,29664,卖盘
10:38:42,6.75,0.01,239,161325,买盘
10:38:45,6.74,-0.01,327,220405,卖盘
10:38:48,6.75,0.01,142,95830,买盘
10:38:51,6.74,-0.01,35,23598,卖盘
10:38:54,6.75,0.01,74,49910,买盘
10:38:57,6.76,0.01,2778,1877874,买盘
10:39:00,6.78,0.02,226,152728,买盘
10:39:03,6.78,0.0,22,14911,买盘
10:39:06,6.78,0.0,52,35256,买盘
10:39:09,6.78,0.0,19,12857,买盘
10:39:12,6.76,-0.02,16,10835,卖盘
10:39:15,6.76,0.0,27,18292,卖盘
10:39:18,6.75,-0.01,163,110227,卖盘
10:39:21,6.77,0.02,596,402907,买盘
10:39:24,6.76,-0.01,25,16921,中性盘
10:39:27,6.77,0.01,29,19607,中性盘
10:39:30,6.77,0.0,215,145495,买盘
10:39:33,6.77,0.0,45,30459,买盘
10:39:36,6.77,0.0,33,22341,卖盘
10:39:39,6.77,0.0,2,1354,卖盘
10:39:42,6.77,0.0,229,154996,卖盘
10:39:45,6.76,-0.01,83,56070,卖盘
10:39:48,6.76,0.0,6,4056,买盘
10:39:51,6.75,-0.01,25,16894,卖盘
10:39:54,6.76,0.01,69,46652,买盘
10:39:57,6.76,0.0,74,50024,卖盘
10:40:00,6.76,0.0,654,442111,卖盘
10:40:03,6.76,0.0,132,89232,卖盘
10:40:06,6.76,0.0,178,120328,卖盘
10:40:09,6.75,-0.01,118,79665,卖盘
10:40:12,6.76,0.01,78,52714,买盘
10:40:15,6.75,-0.01,70,47279,卖盘
10:40:18,6.75,0.0,205,138386,卖盘
10:40:21,6.74,-0.01,43,28991,卖盘
10:40:24,6.74,0.0,114,76842,卖盘
10:40:27,6.74,0.0,40,26968,卖盘
10:40:30,6.75,0.01,212,143099,买盘
10:40:33,6.74,-0.01,134,90422,卖盘
10:40:36,6.74,0.0,400,269778,卖盘
10:40:42,6.74,0.0,12,8088,卖盘
10:40:45,6.75,0.01,22,14847,买盘
10:40:48,6.74,-0.01,237,159738,卖盘
10:40:51,6.74,0.0,136,91664,卖盘
10:40:54,6.74,0.0,21,14154,买盘
10:40:57,6.73,-0.01,99,66639,卖盘
10:41:00,6.73,0.0,204,137292,卖盘
10:41:03,6.74,0.01,71,47792,买盘
10:41:06,6.72,-0.02,57,38344,卖盘
10:41:09,6.73,0.01,100,67300,买盘
10:41:12,6.7,-0.03,1654,1109005,卖盘
10:41:15,6.7,0.0,308,206360,买盘
10:41:18,6.72,0.02,48,32179,买盘
10:41:21,6.71,-0.01,1941,1297544,中性盘
10:41:24,6.72,0.01,2,1344,买盘
10:41:27,6.71,-0.01,25,16761,卖盘
10:41:30,6.71,0.0,233,156144,中性盘
10:41:33,6.71,0.0,7,4698,卖盘
10:41:36,6.72,0.01,87,58456,买盘
10:41:39,6.72,0.0,31,20811,买盘
10:41:42,6.71,-0.01,32,21472,卖盘
10:41:45,6.71,0.0,32,21495,卖盘
10:41:48,6.72,0.01,13,8728,买盘
10:41:51,6.72,0.0,8,5376,买盘
10:41:54,6.73,0.01,432,290305,买盘
10:41:57,6.73,0.0,129,86817,买盘
10:42:06,6.73,0.0,331,222763,卖盘
10:42:09,6.73,0.0,238,160174,买盘
10:42:12,6.73,0.0,182,122488,买盘
10:42:15,6.73,0.0,115,77395,卖盘
10:42:18,6.74,0.01,636,428614,买盘
10:42:21,6.74,0.0,562,378788,卖盘
10:42:24,6.74,0.0,10,6740,买盘
10:42:27,6.74,0.0,86,57964,买盘
10:42:30,6.73,-0.01,312,210404,卖盘
10:42:33,6.74,0.01,20,13480,中性盘
10:42:36,6.74,0.0,73,49197,买盘
10:42:39,6.75,0.01,6,4050,买盘
10:42:48,6.75,0.0,15,10125,买盘
10:42:51,6.75,0.0,118,79613,买盘
10:42:54,6.75,0.0,187,126175,买盘
10:42:57,6.76,0.01,31,20928,买盘
10:43:00,6.76,0.0,48,32448,买盘
10:43:03,6.76,0.0,58,39198,买盘
10:43:06,6.76,0.0,97,65572,买盘
10:43:09,6.75,-0.01,24,16214,卖盘
10:43:12,6.76,0.01,152,102752,买盘
10:43:15,6.76,0.0,12,8112,卖盘
10:43:21,6.77,0.01,404,273508,买盘
10:43:24,6.76,-0.01,125,84525,卖盘
10:43:27,6.77,0.01,272,184144,买盘
10:43:30,6.77,0.0,25,16925,买盘
10:43:33,6.77,0.0,335,226794,买盘
10:43:36,6.77,0.0,506,342412,买盘
10:43:39,6.77,0.0,97,65665,买盘
10:43:42,6.77,0.0,119,80500,买盘
10:43:45,6.76,-0.01,14,9471,卖盘
10:43:48,6.77,0.01,278,188204,买盘
10:43:51,6.76,-0.01,83,56149,卖盘
10:43:54,6.76,0.0,162,109516,卖盘
10:43:57,6.77,0.01,481,325431,买盘
10:44:00,6.77,0.0,91,61590,卖盘
10:44:03,6.77,0.0,25,16925,卖盘
10:44:06,6.77,0.0,250,169471,卖盘
10:44:09,6.78,0.01,88,59607,买盘
10:44:12,6.77,-0.01,28,18966,卖盘
10:44:15,6.77,0.0,62,42017,卖盘
10:44:18,6.78,0.01,8,5411,买盘
10:44:21,6.77,-0.01,46,31142,卖盘
10:44:24,6.78,0.01,21,14237,买盘
10:44:27,6.77,-0.01,534,361755,卖盘
10:44:30,6.77,0.0,9,6093,买盘
10:44:33,6.77,0.0,39,26403,买盘
10:44:36,6.77,0.0,7,4739,买盘
10:44:39,6.77,0.0,20,13540,买盘
10:44:42,6.77,0.0,124,83848,买盘
10:44:45,6.77,0.0,39,26402,买盘
10:44:48,6.77,0.0,29,19623,买盘
10:44:51,6.77,0.0,64,43327,买盘
10:44:54,6.77,0.0,39,26403,买盘
10:44:57,6.77,0.0,27,18279,买盘
10:45:00,6.77,0.0,122,82594,买盘
10:45:03,6.78,0.01,341,231169,买盘
10:45:09,6.78,0.0,11,7458,卖盘
10:45:12,6.78,0.0,421,285438,卖盘
10:45:15,6.77,-0.01,10,6773,卖盘
10:45:18,6.78,0.01,101,68467,买盘
10:45:21,6.77,-0.01,271,183503,卖盘
10:45:24,6.77,0.0,96,64992,买盘
10:45:27,6.78,0.01,13,8811,买盘
10:45:30,6.77,-0.01,155,104897,卖盘
10:45:33,6.76,-0.01,52,35154,卖盘
10:45:36,6.77,0.01,214,144721,买盘
10:45:39,6.76,-0.01,33,22311,卖盘
10:45:42,6.76,0.0,135,91333,卖盘
10:45:45,6.77,0.01,125,84549,买盘
10:45:48,6.77,0.0,25,16917,买盘
10:45:51,6.77,0.0,212,143430,买盘
10:45:54,6.76,-0.01,25,16900,卖盘
10:45:57,6.76,0.0,64,43264,卖盘
10:46:03,6.75,-0.01,163,110124,卖盘
10:46:09,6.75,0.0,97,65515,卖盘
10:46:12,6.75,0.0,119,80325,卖盘
10:46:15,6.75,0.0,27,18225,卖盘
10:46:18,6.73,-0.02,1739,1173034,卖盘
10:46:21,6.73,0.0,11,7404,卖盘
10:46:24,6.73,0.0,127,85568,卖盘
10:46:27,6.73,0.0,43,28942,卖盘
10:46:30,6.73,0.0,22,14806,卖盘
10:46:33,6.74,0.01,5,3370,买盘
10:46:36,6.73,-0.01,10,6731,卖盘
10:46:39,6.74,0.01,69,46447,买盘
10:46:42,6.73,-0.01,529,356017,卖盘
10:46:45,6.72,-0.01,10,6726,卖盘
10:46:48,6.72,0.0,201,135225,卖盘
10:46:51,6.73,0.01,39,26247,买盘
10:46:54,6.72,-0.01,44,29592,卖盘
10:46:57,6.72,0.0,50,33600,卖盘
10:47:00,6.72,0.0,37,24864,卖盘
10:47:06,6.73,0.01,70,47056,买盘
10:47:09,6.72,-0.01,20,13443,卖盘
10:47:12,6.72,0.0,58,38976,卖盘
10:47:15,6.73,0.01,24,16149,买盘
10:47:18,6.73,0.0,15,10084,买盘
10:47:21,6.73,0.0,15,10094,买盘
10:47:24,6.73,0.0,32,21514,买盘
10:47:27,6.73,0.0,18,12114,买盘
10:47:30,6.73,0.0,46,30958,买盘
10:47:33,6.73,0.0,1,673,买盘
10:47:36,6.72,-0.01,17,11431,卖盘
10:47:39,6.72,0.0,57,38311,卖盘
10:47:42,6.73,0.01,52,34946,买盘
10:47:45,6.73,0.0,100,67300,买盘
10:47:48,6.73,0.0,26,17498,买盘
10:47:51,6.73,0.0,1,673,买盘
10:47:54,6.73,0.0,334,224782,买盘
10:47:57,6.73,0.0,40,26908,买盘
10:48:00,6.73,0.0,11,7403,买盘
10:48:03,6.72,-0.01,1715,1152540,卖盘
10:48:06,6.72,0.0,11,7391,买盘
10:48:09,6.72,0.0,76,51059,买盘
10:48:12,6.71,-0.01,158,106078,卖盘
10:48:15,6.71,0.0,54,36234,卖盘
10:48:18,6.7,-0.01,105,70451,卖盘
10:48:21,6.71,0.01,22,14760,买盘
10:48:24,6.71,0.0,22,14762,买盘
10:48:27,6.7,-0.01,20,13400,卖盘
10:48:30,6.7,0.0,70,46911,卖盘
10:48:33,6.7,0.0,9,6030,卖盘
10:48:36,6.7,0.0,17,11393,卖盘
10:48:39,6.71,0.01,23,15411,买盘
10:48:42,6.71,0.0,9,6039,买盘
10:48:45,6.7,-0.01,28,18786,卖盘
10:48:48,6.71,0.01,31,20801,买盘
10:48:51,6.71,0.0,1,671,买盘
10:48:54,6.7,-0.01,48,32162,卖盘
10:48:57,6.71,0.01,3,2013,买盘
10:49:00,6.7,-0.01,114,76431,卖盘
10:49:03,6.71,0.01,246,164879,买盘
10:49:06,6.7,-0.01,22,14742,卖盘
10:49:09,6.71,0.01,18,12061,买盘
10:49:12,6.71,0.0,25,16755,买盘
10:49:15,6.71,0.0,157,105193,买盘
10:49:18,6.7,-0.01,67,44952,卖盘
10:49:21,6.71,0.01,233,156118,买盘
10:49:24,6.71,0.0,38,25498,买盘
10:49:27,6.71,0.0,123,82524,买盘
10:49:30,6.71,0.0,9,6039,买盘
10:49:33,6.71,0.0,51,34217,买盘
10:49:36,6.71,0.0,41,27511,买盘
10:49:39,6.71,0.0,29,19459,买盘
10:49:42,6.7,-0.01,30,20116,卖盘
10:49:45,6.71,0.01,45,30183,买盘
10:49:48,6.71,0.0,40,26840,买盘
10:49:51,6.71,0.0,27,18107,买盘
10:49:54,6.71,0.0,238,159698,买盘
10:50:00,6.71,0.0,107,71797,买盘
10:50:03,6.71,0.0,15,10065,卖盘
10:50:06,6.72,0.01,18,12096,买盘
10:50:09,6.72,0.0,13,8734,买盘
10:50:12,6.72,0.0,27,18144,买盘
10:50:15,6.72,0.0,91,61132,买盘
10:50:18,6.72,0.0,3,2016,买盘
10:50:21,6.72,0.0,9,6048,买盘
10:50:24,6.72,0.0,27,18144,买盘
10:50:27,6.72,0.0,1,672,买盘
10:50:30,6.72,0.0,24,16118,买盘
10:50:33,6.72,0.0,119,79855,买盘
10:50:36,6.72,0.0,156,104832,买盘
10:50:39,6.72,0.0,101,67783,买盘
10:50:42,6.72,0.0,115,77280,买盘
10:50:45,6.73,0.01,1,673,买盘
10:50:51,6.73,0.0,130,87486,买盘
10:50:54,6.73,0.0,79,53167,买盘
10:50:57,6.73,0.0,60,40380,买盘
10:51:00,6.73,0.0,300,202198,卖盘
10:51:03,6.72,-0.01,33,22185,卖盘
10:51:06,6.73,0.01,5,3365,中性盘
10:51:09,6.74,0.01,9,6059,买盘
10:51:12,6.74,0.0,5,3370,买盘
10:51:15,6.73,-0.01,10,6730,卖盘
10:51:18,6.73,0.0,2,1346,买盘
10:51:24,6.73,0.0,8,5384,买盘
10:51:27,6.73,0.0,13,8752,卖盘
10:51:33,6.74,0.01,10,6740,买盘
10:51:36,6.74,0.0,25,16849,买盘
10:51:39,6.74,0.0,6,4044,买盘
10:51:42,6.74,0.0,16,10784,买盘
10:51:45,6.74,0.0,4,2696,买盘
10:51:48,6.73,-0.01,171,115099,卖盘
10:51:51,6.74,0.01,13,8760,买盘
10:51:54,6.74,0.0,4,2695,买盘
10:52:00,6.74,0.0,5,3370,买盘
10:52:03,6.73,-0.01,35,23570,卖盘
10:52:06,6.74,0.01,10,6740,买盘
10:52:09,6.73,-0.01,1569,1055927,卖盘
10:52:12,6.74,0.01,135,90990,买盘
10:52:15,6.74,0.0,57,38418,卖盘
10:52:18,6.74,0.0,9,6066,卖盘
10:52:21,6.74,0.0,13,8762,卖盘
10:52:24,6.75,0.01,3,2024,买盘
10:52:27,6.74,-0.01,69,46558,卖盘
10:52:33,6.75,0.01,158,106650,买盘
10:52:36,6.75,0.0,60,40500,买盘
10:52:39,6.75,0.0,17,11475,买盘
10:52:42,6.75,0.0,125,84375,买盘
10:52:45,6.75,0.0,20,13498,买盘
10:52:48,6.75,0.0,7,4725,买盘
10:52:51,6.74,-0.01,29,19565,卖盘
10:52:54,6.75,0.01,255,172125,买盘
10:52:57,6.75,0.0,45,30375,买盘
10:53:00,6.75,0.0,7,4725,买盘
10:53:03,6.75,0.0,143,96465,买盘
10:53:06,6.75,0.0,54,36409,买盘
10:53:09,6.75,0.0,31,20925,买盘
10:53:15,6.75,0.0,27,18225,买盘
10:53:18,6.74,-0.01,3,2022,卖盘
10:53:21,6.74,0.0,118,79632,卖盘
10:53:24,6.74,0.0,11,7415,卖盘
10:53:30,6.74,0.0,159,107166,卖盘
10:53:33,6.75,0.01,149,100563,买盘
10:53:42,6.74,-0.01,9,6066,卖盘
10:53:45,6.74,0.0,11,7422,卖盘
10:53:48,6.74,0.0,104,70196,卖盘
10:53:51,6.75,0.01,11,7418,买盘
10:53:54,6.75,0.0,3,2025,买盘
10:53:57,6.75,0.0,10,6750,买盘
10:54:00,6.74,-0.01,66,44485,卖盘
10:54:03,6.74,0.0,52,35098,卖盘
10:54:06,6.75,0.01,11,7425,买盘
10:54:09,6.75,0.0,5,3374,买盘
10:54:12,6.75,0.0,3,2025,买盘
10:54:15,6.74,-0.01,18,12149,卖盘
10:54:18,6.75,0.01,11,7419,买盘
10:54:21,6.75,0.0,21,14174,买盘
10:54:24,6.75,0.0,32,21600,买盘
10:54:27,6.75,0.0,87,58716,买盘
10:54:30,6.75,0.0,23,15525,卖盘
10:54:36,6.75,0.0,24,16204,卖盘
10:54:39,6.75,0.0,23,15545,卖盘
10:54:42,6.75,0.0,12,8100,卖盘
10:54:48,6.76,0.01,4,2704,买盘
10:54:51,6.75,-0.01,28,18921,卖盘
10:54:57,6.76,0.01,40,27040,买盘
10:55:00,6.76,0.0,95,64163,买盘
10:55:03,6.76,0.0,59,39882,买盘
10:55:06,6.76,0.0,5,3380,买盘
10:55:09,6.76,0.0,111,75036,买盘
10:55:12,6.75,-0.01,1,675,卖盘
10:55:15,6.75,0.0,264,178227,卖盘
10:55:18,6.75,0.0,148,99805,买盘
10:55:21,6.75,0.0,14,9450,买盘
10:55:24,6.75,0.0,9,6075,买盘
10:55:27,6.75,0.0,10,6747,买盘
10:55:30,6.74,-0.01,63,42487,卖盘
10:55:33,6.74,0.0,57,38418,卖盘
10:55:36,6.74,0.0,43,28982,买盘
10:55:39,6.74,0.0,13,8762,买盘
10:55:42,6.74,0.0,9,6066,卖盘
10:55:45,6.75,0.01,13,8763,买盘
10:55:48,6.74,-0.01,87,58638,卖盘
10:55:51,6.73,-0.01,50,33650,卖盘
10:55:54,6.73,0.0,22,14811,卖盘
10:55:57,6.72,-0.01,160,107701,卖盘
10:56:00,6.74,0.02,95,64028,买盘
10:56:09,6.74,0.0,10,6740,买盘
10:56:18,6.74,0.0,42,28306,买盘
10:56:21,6.74,0.0,38,25612,买盘
10:56:24,6.74,0.0,191,128734,买盘
10:56:27,6.74,0.0,58,39092,买盘
10:56:30,6.74,0.0,71,47844,买盘
10:56:36,6.74,0.0,13,8762,卖盘
10:56:39,6.75,0.01,8,5400,买盘
10:56:42,6.75,0.0,3,2025,买盘
10:56:45,6.74,-0.01,24,16190,卖盘
10:56:51,6.75,0.01,3,2023,买盘
10:56:54,6.74,-0.01,66,44484,卖盘
10:56:57,6.74,0.0,7,4718,卖盘
10:57:00,6.75,0.01,300,202500,买盘
10:57:03,6.75,0.0,92,62048,买盘
10:57:06,6.75,0.0,69,46544,卖盘
10:57:09,6.75,0.0,36,24300,买盘
10:57:12,6.75,0.0,19,12825,买盘
10:57:18,6.75,0.0,1,675,买盘
10:57:21,6.75,0.0,1,675,买盘
10:57:24,6.75,0.0,13,8775,买盘
10:57:27,6.76,0.01,41,27673,买盘
10:57:30,6.76,0.0,6,4051,买盘
10:57:33,6.75,-0.01,204,137994,卖盘
10:57:36,6.76,0.01,10,6753,中性盘
10:57:39,6.75,-0.01,36,24319,卖盘
10:57:42,6.76,0.01,147,99287,买盘
10:57:45,6.76,0.0,3,2028,买盘
10:57:48,6.76,0.0,25,16900,买盘
10:57:51,6.76,0.0,55,37180,买盘
10:57:54,6.76,0.0,180,121582,买盘
10:57:57,6.76,0.0,49,33124,买盘
10:58:00,6.75,-0.01,236,159318,卖盘
10:58:03,6.76,0.01,60,40507,买盘
10:58:06,6.75,-0.01,77,51959,中性盘
10:58:09,6.75,0.0,86,58050,买盘
10:58:12,6.76,0.01,12,8101,买盘
10:58:15,6.76,0.0,117,78964,买盘
10:58:18,6.75,-0.01,46,31050,卖盘
10:58:21,6.75,0.0,56,37800,买盘
10:58:24,6.75,0.0,6,4046,买盘
10:58:27,6.76,0.01,139,93887,买盘
10:58:30,6.75,-0.01,1,675,卖盘
10:58:33,6.76,0.01,11,7435,买盘
10:58:36,6.74,-0.02,12,8090,卖盘
10:58:39,6.75,0.01,20,13500,买盘
10:58:42,6.75,0.0,21,14162,买盘
10:58:45,6.75,0.0,54,36450,买盘
10:58:48,6.76,0.01,115,77652,买盘
10:58:51,6.75,-0.01,7,4725,卖盘
10:58:54,6.75,0.0,10,6750,卖盘
10:58:57,6.75,0.0,63,42525,卖盘
10:59:00,6.75,0.0,13,8773,买盘
10:59:03,6.75,0.0,31,20948,卖盘
10:59:06,6.76,0.01,5,3376,买盘
10:59:09,6.75,-0.01,4,2700,卖盘
10:59:12,6.76,0.01,5,3380,买盘
10:59:18,6.75,-0.01,8,5400,卖盘
10:59:21,6.75,0.0,645,435393,卖盘
10:59:24,6.74,-0.01,578,389497,卖盘
10:59:27,6.74,0.0,6,4043,买盘
10:59:30,6.73,-0.01,44,29634,卖盘
10:59:33,6.74,0.01,46,31004,买盘
10:59:39,6.73,-0.01,14,9435,卖盘
10:59:42,6.74,0.01,5,3370,买盘
10:59:45,6.73,-0.01,2,1346,卖盘
10:59:48,6.73,0.0,6,4038,卖盘
10:59:51,6.73,0.0,20,13465,卖盘
10:59:54,6.74,0.01,16,10783,买盘
10:59:57,6.74,0.0,90,60660,卖盘
11:00:00,6.73,-0.01,8,5386,卖盘
11:00:03,6.73,0.0,43,28942,卖盘
11:00:06,6.73,0.0,180,121197,卖盘
11:00:12,6.74,0.01,106,71348,买盘
11:00:15,6.73,-0.01,49,32977,卖盘
11:00:18,6.73,0.0,40,26920,卖盘
11:00:21,6.73,0.0,42,28266,卖盘
11:00:24,6.73,0.0,108,72688,卖盘
11:00:27,6.73,0.0,174,117102,卖盘
11:00:30,6.73,0.0,27,18171,卖盘
11:00:33,6.73,0.0,18,12113,买盘
11:00:36,6.73,0.0,51,34316,买盘
11:00:39,6.73,0.0,7,4711,买盘
11:00:42,6.72,-0.01,1,672,卖盘
11:00:45,6.72,0.0,144,96769,卖盘
11:00:48,6.72,0.0,104,69888,卖盘
11:00:51,6.72,0.0,32,21509,卖盘
11:00:54,6.72,0.0,61,40952,买盘
11:00:57,6.72,0.0,47,31584,买盘
11:01:00,6.71,-0.01,37,24835,卖盘
11:01:03,6.72,0.01,48,32242,买盘
11:01:06,6.71,-0.01,9,6047,卖盘
11:01:09,6.72,0.01,20,13438,买盘
11:01:12,6.72,0.0,803,539613,买盘
11:01:15,6.72,0.0,18,12096,买盘
11:01:21,6.71,-0.01,16,10744,卖盘
11:01:24,6.72,0.01,14,9408,买盘
11:01:27,6.72,0.0,106,71146,买盘
11:01:30,6.72,0.0,78,52416,买盘
11:01:36,6.71,-0.01,11,7389,卖盘
11:01:39,6.72,0.01,58,38976,买盘
11:01:42,6.71,-0.01,51,34228,卖盘
11:01:45,6.72,0.01,319,214368,买盘
11:01:48,6.72,0.0,29,19487,买盘
11:01:54,6.72,0.0,1,672,卖盘
11:01:57,6.73,0.01,1,673,买盘
11:02:00,6.72,-0.01,39,26209,卖盘
11:02:03,6.71,-0.01,1218,817397,卖盘
11:02:06,6.7,-0.01,1,670,卖盘
11:02:09,6.71,0.01,157,105347,买盘
11:02:12,6.71,0.0,3,2013,买盘
11:02:15,6.71,0.0,65,43615,买盘
11:02:18,6.71,0.0,243,163053,买盘
11:02:21,6.71,0.0,65,43615,卖盘
11:02:24,6.71,0.0,164,110135,卖盘
11:02:27,6.71,0.0,11,7381,买盘
11:02:30,6.71,0.0,69,46363,卖盘
11:02:33,6.72,0.01,71,47705,买盘
11:02:36,6.72,0.0,92,61814,买盘
11:02:39,6.72,0.0,21,14112,买盘
11:02:42,6.72,0.0,91,61152,卖盘
11:02:45,6.72,0.0,27,18153,买盘
11:02:48,6.72,0.0,31,20843,卖盘
11:02:51,6.72,0.0,7,4706,卖盘
11:02:54,6.72,0.0,68,45696,卖盘
11:03:00,6.72,0.0,20,13440,卖盘
11:03:03,6.73,0.01,5,3365,买盘
11:03:06,6.73,0.0,59,39707,买盘
11:03:09,6.73,0.0,5,3365,买盘
11:03:12,6.72,-0.01,12,8066,卖盘
11:03:15,6.73,0.01,254,170942,买盘
11:03:18,6.73,0.0,5,3365,卖盘
11:03:21,6.73,0.0,42,28266,卖盘
11:03:24,6.73,0.0,173,116429,买盘
11:03:27,6.73,0.0,30,20190,卖盘
11:03:30,6.73,0.0,101,67894,买盘
11:03:33,6.73,0.0,55,37015,买盘
11:03:36,6.73,0.0,48,32304,买盘
11:03:39,6.72,-0.01,2,1344,卖盘
11:03:42,6.73,0.01,1,673,买盘
11:03:45,6.73,0.0,2,1346,买盘
11:03:48,6.73,0.0,6,4038,买盘
11:03:51,6.72,-0.01,31,20838,卖盘
11:03:57,6.72,0.0,43,28896,卖盘
11:04:03,6.73,0.01,6,4038,买盘
11:04:06,6.72,-0.01,71,47712,卖盘
11:04:09,6.72,0.0,207,139104,卖盘
11:04:12,6.73,0.01,41,27561,买盘
11:04:15,6.72,-0.01,35,23520,卖盘
11:04:18,6.73,0.01,358,240804,买盘
11:04:24,6.72,-0.01,38,25536,买盘
11:04:27,6.73,0.01,29,19517,买盘
11:04:36,6.72,-0.01,11,7392,卖盘
11:04:39,6.72,0.0,122,81983,买盘
11:04:42,6.71,-0.01,20,13439,卖盘
11:04:45,6.72,0.01,425,285600,买盘
11:04:48,6.72,0.0,53,35616,买盘
11:04:51,6.72,0.0,52,34944,卖盘
11:04:54,6.72,0.0,32,21504,买盘
11:04:57,6.72,0.0,66,44352,卖盘
11:05:00,6.72,0.0,138,92630,买盘
11:05:03,6.71,-0.01,649,435536,卖盘
11:05:06,6.7,-0.01,96,64415,卖盘
11:05:09,6.71,0.01,118,79178,买盘
11:05:12,6.71,0.0,40,26814,买盘
11:05:15,6.71,0.0,84,56363,买盘
11:05:18,6.71,0.0,15,10065,卖盘
11:05:21,6.71,0.0,97,65173,卖盘
11:05:24,6.72,0.01,86,57792,买盘
11:05:27,6.71,-0.01,527,353652,卖盘
11:05:33,6.72,0.01,57,38354,卖盘
11:05:42,6.72,0.0,100,67200,卖盘
11:05:45,6.72,0.0,17,11424,卖盘
11:05:48,6.72,0.0,20,13440,卖盘
11:05:54,6.72,0.0,87,58502,卖盘
11:05:57,6.72,0.0,1,672,买盘
11:06:00,6.72,0.0,91,61152,买盘
11:06:03,6.72,0.0,207,139088,买盘
11:06:06,6.72,0.0,56,37632,卖盘
11:06:09,6.72,0.0,59,39633,买盘
11:06:12,6.72,0.0,5,3360,卖盘
11:06:15,6.72,0.0,12,8064,买盘
11:06:21,6.72,0.0,70,47040,卖盘
11:06:24,6.72,0.0,10,6720,卖盘
11:06:27,6.73,0.01,3,2019,买盘
11:06:33,6.72,-0.01,1,672,卖盘
11:06:36,6.73,0.01,3,2019,买盘
11:06:39,6.73,0.0,711,478496,买盘
11:06:42,6.73,0.0,2,1346,买盘
11:06:45,6.74,0.01,14,9436,买盘
11:06:48,6.73,-0.01,25,16828,卖盘
11:06:51,6.74,0.01,1,674,买盘
11:06:54,6.74,0.0,692,466408,买盘
11:06:57,6.75,0.01,43,28986,买盘
11:07:00,6.75,0.0,1,675,买盘
11:07:03,6.75,0.0,86,58050,买盘
11:07:06,6.75,0.0,20,13494,买盘
11:07:09,6.75,0.0,59,39806,买盘
11:07:12,6.75,0.0,36,24300,买盘
11:07:15,6.75,0.0,2,1350,买盘
11:07:18,6.75,0.0,21,14175,买盘
11:07:24,6.75,0.0,49,33045,买盘
11:07:27,6.75,0.0,9,6075,卖盘
11:07:30,6.75,0.0,5,3375,买盘
11:07:36,6.75,0.0,27,18211,买盘
11:07:39,6.75,0.0,122,82229,买盘
11:07:42,6.75,0.0,52,35073,买盘
11:07:45,6.74,-0.01,67,45158,买盘
11:07:48,6.74,0.0,49,33026,卖盘
11:07:51,6.75,0.01,64,43155,买盘
11:07:54,6.74,-0.01,1,674,买盘
11:07:57,6.74,0.0,41,27634,买盘
11:08:00,6.74,0.0,38,25612,买盘
11:08:03,6.73,-0.01,31,20884,卖盘
11:08:06,6.73,0.0,8,5384,卖盘
11:08:09,6.74,0.01,92,62008,买盘
11:08:12,6.74,0.0,57,38418,卖盘
11:08:15,6.74,0.0,8,5392,卖盘
11:08:18,6.74,0.0,1,674,卖盘
11:08:21,6.75,0.01,6,4050,买盘
11:08:24,6.73,-0.02,25,16849,卖盘
11:08:27,6.74,0.01,1,674,买盘
11:08:30,6.74,0.0,15,10110,买盘
11:08:42,6.73,-0.01,13,8749,卖盘
11:08:45,6.74,0.01,146,98404,买盘
11:08:48,6.74,0.0,1,674,卖盘
11:08:51,6.74,0.0,1,674,卖盘
11:09:00,6.74,0.0,110,74140,卖盘
11:09:03,6.74,0.0,15,10110,买盘
11:09:06,6.74,0.0,10,6740,买盘
11:09:09,6.74,0.0,35,23590,买盘
11:09:12,6.74,0.0,2,1348,买盘
11:09:15,6.74,0.0,17,11451,买盘
11:09:18,6.74,0.0,1,674,卖盘
11:09:21,6.74,0.0,2,1348,买盘
11:09:24,6.74,0.0,25,16850,卖盘
11:09:30,6.74,0.0,24,16176,卖盘
11:09:33,6.74,0.0,332,223768,卖盘
11:09:36,6.74,0.0,74,49876,买盘
11:09:39,6.74,0.0,1,674,买盘
11:09:51,6.74,0.0,5,3370,买盘
11:09:54,6.74,0.0,2,1348,买盘
11:09:57,6.74,0.0,5,3370,买盘
11:10:00,6.73,-0.01,19,12787,卖盘
11:10:15,6.74,0.01,3,2021,买盘
11:10:18,6.74,0.0,101,68074,买盘
11:10:21,6.74,0.0,2,1348,买盘
11:10:24,6.74,0.0,301,202874,买盘
11:10:27,6.74,0.0,1,674,买盘
11:10:30,6.74,0.0,9,6066,买盘
11:10:33,6.74,0.0,10,6740,买盘
11:10:42,6.74,0.0,15,10110,卖盘
11:10:45,6.74,0.0,1,674,卖盘
11:10:51,6.75,0.01,158,106650,买盘
11:10:54,6.74,-0.01,5,3370,卖盘
11:11:00,6.74,0.0,10,6740,卖盘
11:11:06,6.74,0.0,54,36396,卖盘
11:11:09,6.74,0.0,14,9436,卖盘
11:11:12,6.74,0.0,21,14154,卖盘
11:11:15,6.76,0.02,1001,675946,买盘
11:11:18,6.76,0.0,3,2024,买盘
11:11:21,6.76,0.0,5,3380,买盘
11:11:24,6.76,0.0,2,1352,买盘
11:11:27,6.76,0.0,30,20251,买盘
11:11:30,6.76,0.0,15,10140,买盘
11:11:33,6.76,0.0,231,156155,买盘
11:11:36,6.81,0.05,1951,1324886,买盘
11:11:39,6.82,0.01,103,70217,中性盘
11:11:42,6.85,0.03,660,451791,买盘
11:11:45,6.96,0.11,18080,12549828,买盘
11:11:48,6.96,0.0,2969,2065837,买盘
11:11:51,6.96,0.0,7827,5446610,买盘
11:11:54,6.96,0.0,799,556104,卖盘
11:11:57,6.96,0.0,835,581160,卖盘
11:12:00,6.96,0.0,208,144768,卖盘
11:12:03,6.96,0.0,304,211584,卖盘
11:12:06,6.96,0.0,118,82128,卖盘
11:12:09,6.96,0.0,376,261696,卖盘
11:12:12,6.96,0.0,31,21576,卖盘
11:12:15,6.96,0.0,100,69600,卖盘
11:12:18,6.96,0.0,88,61248,卖盘
11:12:21,6.96,0.0,126,87696,卖盘
11:12:24,6.96,0.0,26,18096,卖盘
11:12:27,6.96,0.0,78,54288,卖盘
11:12:30,6.96,0.0,199,138504,卖盘
11:12:36,6.96,0.0,180,125280,卖盘
11:12:39,6.96,0.0,179,124584,卖盘
11:12:42,6.96,0.0,333,231768,卖盘
11:12:45,6.96,0.0,452,314592,卖盘
11:12:48,6.96,0.0,110,76560,卖盘
11:12:51,6.96,0.0,204,141984,卖盘
11:12:54,6.96,0.0,95,66120,卖盘
11:12:57,6.96,0.0,507,352872,卖盘
11:13:00,6.96,0.0,110,76560,卖盘
11:13:03,6.96,0.0,69,48024,卖盘
11:13:06,6.96,0.0,96,66816,卖盘
11:13:09,6.96,0.0,332,231072,卖盘
11:13:12,6.96,0.0,11,7656,卖盘
11:13:15,6.96,0.0,198,137808,卖盘
11:13:18,6.96,0.0,123,85608,卖盘
11:13:21,6.96,0.0,436,303456,卖盘
11:13:24,6.96,0.0,1014,705744,卖盘
11:13:27,6.96,0.0,81,56376,卖盘
11:13:30,6.96,0.0,457,318072,卖盘
11:13:33,6.96,0.0,15,10440,卖盘
11:13:36,6.96,0.0,105,73080,卖盘
11:13:39,6.96,0.0,1030,716880,卖盘
11:13:42,6.96,0.0,1045,727320,卖盘
11:13:45,6.96,0.0,202,140592,卖盘
11:13:48,6.96,0.0,54,37584,卖盘
11:13:51,6.96,0.0,230,160080,卖盘
11:13:54,6.96,0.0,218,151728,卖盘
11:13:57,6.96,0.0,26,18096,卖盘
11:14:00,6.96,0.0,114,79344,卖盘
11:14:03,6.96,0.0,76,52896,卖盘
11:14:06,6.96,0.0,259,180264,卖盘
11:14:09,6.96,0.0,48,33408,卖盘
11:14:12,6.96,0.0,144,100224,卖盘
11:14:15,6.96,0.0,40,27840,卖盘
11:14:18,6.96,0.0,84,58464,卖盘
11:14:21,6.96,0.0,175,121800,卖盘
11:14:24,6.96,0.0,21,14616,卖盘
11:14:27,6.96,0.0,133,92568,卖盘
11:14:30,6.96,0.0,7,4872,卖盘
11:14:33,6.96,0.0,28,19488,卖盘
11:14:36,6.96,0.0,188,130848,卖盘
11:14:39,6.96,0.0,28,19488,卖盘
11:14:42,6.96,0.0,175,121800,卖盘
11:14:45,6.96,0.0,34,23664,卖盘
11:14:48,6.96,0.0,125,87000,卖盘
11:14:51,6.96,0.0,2,1392,卖盘
11:14:54,6.96,0.0,10,6960,卖盘
11:14:57,6.96,0.0,136,94656,卖盘
11:15:00,6.96,0.0,402,279792,卖盘
11:15:03,6.96,0.0,159,110664,卖盘
11:15:06,6.96,0.0,279,194184,卖盘
11:15:09,6.96,0.0,293,203928,卖盘
11:15:12,6.96,0.0,236,164256,卖盘
11:15:15,6.96,0.0,98,68208,卖盘
11:15:18,6.96,0.0,191,132936,卖盘
11:15:21,6.96,0.0,83,57768,卖盘
11:15:24,6.96,0.0,133,92568,卖盘
11:15:27,6.96,0.0,82,57072,卖盘
11:15:30,6.96,0.0,351,244296,卖盘
11:15:33,6.96,0.0,227,157992,卖盘
11:15:36,6.96,0.0,73,50808,卖盘
11:15:39,6.96,0.0,354,246384,卖盘
11:15:42,6.96,0.0,1360,946560,卖盘
11:15:45,6.96,0.0,363,252648,卖盘
11:15:48,6.96,0.0,181,125976,卖盘
11:15:51,6.96,0.0,228,158688,卖盘
11:15:54,6.96,0.0,134,93264,卖盘
11:15:57,6.96,0.0,663,461448,卖盘
11:16:00,6.96,0.0,368,256128,卖盘
11:16:03,6.96,0.0,1478,1028688,卖盘
11:16:06,6.96,0.0,894,622224,卖盘
11:16:09,6.96,0.0,11718,8155728,卖盘
11:16:12,6.96,0.0,1955,1360680,卖盘
11:16:15,6.95,-0.01,13873,9655519,卖盘
11:16:18,6.86,-0.09,86,58996,卖盘
11:16:21,6.84,-0.02,117,80059,卖盘
11:16:24,6.83,-0.01,977,670408,卖盘
11:16:27,6.86,0.03,13,8912,中性盘
11:16:30,6.86,0.0,95,65181,卖盘
11:16:33,6.96,0.1,3353,2332465,买盘
11:16:36,6.96,0.0,1616,1124736,卖盘
11:16:39,6.96,0.0,449,312504,卖盘
11:16:42,6.96,0.0,479,333384,卖盘
11:16:45,6.96,0.0,1020,709920,卖盘
11:16:48,6.96,0.0,383,266568,卖盘
11:16:51,6.96,0.0,313,217848,卖盘
11:16:54,6.96,0.0,411,286056,卖盘
11:16:57,6.96,0.0,681,473976,卖盘
11:17:00,6.96,0.0,786,547056,卖盘
11:17:03,6.96,0.0,127,88392,卖盘
11:17:06,6.96,0.0,149,103704,卖盘
11:17:09,6.96,0.0,775,539400,卖盘
11:17:12,6.96,0.0,200,139200,卖盘
11:17:15,6.96,0.0,4115,2864040,卖盘
11:17:18,6.96,0.0,235,163560,卖盘
11:17:21,6.96,0.0,377,262392,卖盘
11:17:24,6.96,0.0,170,118320,卖盘
11:17:27,6.96,0.0,371,258216,卖盘
11:17:30,6.96,0.0,176,122496,卖盘
11:17:33,6.96,0.0,304,211584,卖盘
11:17:36,6.96,0.0,109,75864,卖盘
11:17:39,6.96,0.0,428,297888,卖盘
11:17:42,6.96,0.0,457,318072,卖盘
11:17:45,6.96,0.0,3,2088,卖盘
11:17:48,6.96,0.0,283,196968,卖盘
11:17:51,6.96,0.0,270,187920,卖盘
11:17:54,6.96,0.0,24,16704,卖盘
11:17:57,6.96,0.0,38,26448,卖盘
11:18:03,6.96,0.0,1302,906192,卖盘
11:18:06,6.96,0.0,530,368880,卖盘
11:18:09,6.96,0.0,276,192096,卖盘
11:18:12,6.96,0.0,174,121104,卖盘
11:18:15,6.96,0.0,20,13920,卖盘
11:18:18,6.96,0.0,23,16008,卖盘
11:18:21,6.96,0.0,128,89088,卖盘
11:18:24,6.96,0.0,777,540792,卖盘
11:18:27,6.96,0.0,541,376536,卖盘
11:18:30,6.96,0.0,147,102312,卖盘
11:18:33,6.96,0.0,95,66120,卖盘
11:18:36,6.96,0.0,597,415512,卖盘
11:18:39,6.96,0.0,66,45936,卖盘
11:18:42,6.96,0.0,500,348000,卖盘
11:18:45,6.96,0.0,782,544272,卖盘
11:18:48,6.96,0.0,124,86304,卖盘
11:18:51,6.96,0.0,546,380016,卖盘
11:18:54,6.96,0.0,12,8352,卖盘
11:18:57,6.96,0.0,190,132240,卖盘
11:19:00,6.96,0.0,89,61944,卖盘
11:19:03,6.96,0.0,563,391848,卖盘
11:19:06,6.96,0.0,472,328512,卖盘
11:19:09,6.96,0.0,562,391152,卖盘
11:19:12,6.96,0.0,31,21576,卖盘
11:19:15,6.96,0.0,238,165648,卖盘
11:19:18,6.96,0.0,26,18096,卖盘
11:19:21,6.96,0.0,33,22968,卖盘
11:19:24,6.96,0.0,540,375840,卖盘
11:19:27,6.96,0.0,510,354960,卖盘
11:19:33,6.96,0.0,5,3480,卖盘
11:19:36,6.96,0.0,13,9048,卖盘
11:19:39,6.96,0.0,18,12528,卖盘
11:19:42,6.96,0.0,83,57768,卖盘
11:19:45,6.96,0.0,75,52200,卖盘
11:19:48,6.96,0.0,360,250560,卖盘
11:19:51,6.96,0.0,200,139200,卖盘
11:19:54,6.96,0.0,113,78648,卖盘
11:19:57,6.96,0.0,172,119712,卖盘
11:20:00,6.96,0.0,29,20184,卖盘
11:20:06,6.96,0.0,201,139896,卖盘
11:20:09,6.96,0.0,1154,803184,卖盘
11:20:12,6.96,0.0,159,110664,卖盘
11:20:18,6.96,0.0,505,351480,卖盘
11:20:21,6.96,0.0,20,13920,卖盘
11:20:24,6.96,0.0,539,375144,卖盘
11:20:27,6.96,0.0,500,348000,卖盘
11:20:30,6.96,0.0,102,70992,卖盘
11:20:33,6.96,0.0,1,696,卖盘
11:20:36,6.96,0.0,3,2088,卖盘
11:20:39,6.96,0.0,1,696,卖盘
11:20:42,6.96,0.0,2,1392,卖盘
11:20:45,6.96,0.0,95,66120,卖盘
11:20:48,6.96,0.0,524,364704,卖盘
11:20:51,6.96,0.0,569,396024,卖盘
11:20:54,6.96,0.0,36,25056,卖盘
11:21:00,6.96,0.0,16,11136,卖盘
11:21:03,6.96,0.0,60,41760,卖盘
11:21:06,6.96,0.0,2,1392,卖盘
11:21:09,6.96,0.0,800,556800,卖盘
11:21:12,6.96,0.0,108,75168,卖盘
11:21:15,6.96,0.0,5,3480,卖盘
11:21:18,6.96,0.0,7,4872,卖盘
11:21:21,6.96,0.0,5,3480,卖盘
11:21:30,6.96,0.0,10,6960,卖盘
11:21:36,6.96,0.0,26,18096,卖盘
11:21:39,6.96,0.0,15,10440,卖盘
11:21:42,6.96,0.0,800,556800,卖盘
11:21:45,6.96,0.0,97,67512,卖盘
11:21:48,6.96,0.0,110,76560,卖盘
11:21:51,6.96,0.0,500,348000,卖盘
11:21:54,6.96,0.0,10,6960,卖盘
11:22:00,6.96,0.0,520,361920,卖盘
11:22:03,6.96,0.0,55,38280,卖盘
11:22:06,6.96,0.0,88,61248,卖盘
11:22:09,6.96,0.0,7,4872,卖盘
11:22:12,6.96,0.0,146,101616,卖盘
11:22:18,6.96,0.0,624,434304,卖盘
11:22:21,6.96,0.0,58,40368,卖盘
11:22:27,6.96,0.0,42,29232,卖盘
11:22:30,6.96,0.0,40,27840,卖盘
11:22:33,6.96,0.0,80,55680,卖盘
11:22:36,6.96,0.0,40,27840,卖盘
11:22:39,6.96,0.0,19,13224,卖盘
11:22:42,6.96,0.0,589,409944,卖盘
11:22:45,6.96,0.0,119,82824,卖盘
11:22:51,6.96,0.0,4,2784,卖盘
11:22:57,6.96,0.0,58,40368,卖盘
11:23:00,6.96,0.0,13,9048,卖盘
11:23:03,6.96,0.0,521,362616,卖盘
11:23:06,6.96,0.0,20,13920,卖盘
11:23:09,6.96,0.0,12,8352,卖盘
11:23:12,6.96,0.0,862,599952,卖盘
11:23:15,6.96,0.0,15,10440,卖盘
11:23:18,6.96,0.0,298,207408,卖盘
11:23:21,6.96,0.0,78,54288,卖盘
11:23:24,6.96,0.0,110,76560,卖盘
11:23:30,6.96,0.0,51,35496,卖盘
11:23:33,6.96,0.0,12,8352,卖盘
11:23:36,6.96,0.0,10,6960,卖盘
11:23:39,6.96,0.0,101,70296,卖盘
11:23:42,6.96,0.0,1,696,卖盘
11:23:48,6.96,0.0,12,8352,卖盘
11:23:51,6.96,0.0,525,365400,卖盘
11:23:54,6.96,0.0,113,78648,卖盘
11:23:57,6.96,0.0,28,19488,卖盘
11:24:03,6.96,0.0,1013,705048,卖盘
11:24:06,6.96,0.0,131,91176,卖盘
11:24:09,6.96,0.0,110,76560,卖盘
11:24:12,6.96,0.0,1007,700872,卖盘
11:24:15,6.96,0.0,13,9048,卖盘
11:24:18,6.96,0.0,322,224112,卖盘
11:24:24,6.96,0.0,307,213672,卖盘
11:24:27,6.96,0.0,9,6264,卖盘
11:24:30,6.96,0.0,147,102312,卖盘
11:24:33,6.96,0.0,530,368880,卖盘
11:24:36,6.96,0.0,6,4176,卖盘
11:24:39,6.96,0.0,563,391848,卖盘
11:24:42,6.96,0.0,150,104400,卖盘
11:24:45,6.96,0.0,311,216456,卖盘
11:24:48,6.96,0.0,542,377232,卖盘
11:24:51,6.96,0.0,29,20184,卖盘
11:24:54,6.96,0.0,542,377232,卖盘
11:24:57,6.96,0.0,629,437784,卖盘
11:25:00,6.96,0.0,151,105096,卖盘
11:25:03,6.96,0.0,40,27840,卖盘
11:25:06,6.96,0.0,16,11136,卖盘
11:25:09,6.96,0.0,24,16704,卖盘
11:25:12,6.96,0.0,81,56376,卖盘
11:25:15,6.96,0.0,548,381408,卖盘
11:25:18,6.96,0.0,10214,7108944,卖盘
11:25:21,6.96,0.0,12808,8914368,卖盘
11:25:24,6.95,-0.01,18890,13145975,卖盘
11:25:27,6.95,0.0,995,691525,卖盘
11:25:30,6.95,0.0,301,209195,卖盘
11:25:33,6.95,0.0,364,253192,卖盘
11:25:36,6.95,0.0,414,287881,卖盘
11:25:39,6.95,0.0,244,169734,卖盘
11:25:42,6.95,0.0,887,617138,卖盘
11:25:45,6.96,0.01,214,148710,买盘
11:25:48,6.94,-0.02,22,15277,卖盘
11:25:51,6.93,-0.01,60,41580,卖盘
11:25:54,6.93,0.0,4987,3469075,卖盘
11:25:57,6.96,0.03,2499,1738621,买盘
11:26:00,6.96,0.0,259,180264,卖盘
11:26:03,6.96,0.0,287,199752,卖盘
11:26:06,6.96,0.0,316,219936,卖盘
11:26:09,6.96,0.0,456,317376,卖盘
11:26:12,6.96,0.0,498,346608,卖盘
11:26:15,6.96,0.0,199,138504,卖盘
11:26:18,6.96,0.0,5,3480,卖盘
11:26:21,6.96,0.0,142,98832,卖盘
11:26:24,6.96,0.0,8,5568,卖盘
11:26:27,6.96,0.0,50,34800,卖盘
11:26:30,6.96,0.0,83,57768,卖盘
11:26:33,6.96,0.0,45,31320,卖盘
11:26:36,6.96,0.0,130,90480,卖盘
11:26:39,6.96,0.0,4,2784,卖盘
11:26:45,6.96,0.0,74,51504,卖盘
11:26:57,6.96,0.0,47,32712,卖盘
11:27:00,6.96,0.0,2,1392,卖盘
11:27:03,6.96,0.0,88,61248,卖盘
11:27:06,6.96,0.0,20,13920,卖盘
11:27:09,6.96,0.0,10,6960,卖盘
11:27:12,6.96,0.0,20,13920,卖盘
11:27:15,6.96,0.0,201,139896,卖盘
11:27:18,6.96,0.0,75,52200,卖盘
11:27:21,6.96,0.0,13,9048,卖盘
11:27:27,6.96,0.0,213,148248,卖盘
11:27:30,6.96,0.0,5,3480,卖盘
11:27:33,6.96,0.0,31,21576,卖盘
11:27:39,6.96,0.0,7,4872,卖盘
11:27:42,6.96,0.0,64,44544,卖盘
11:27:45,6.96,0.0,2,1392,卖盘
11:27:51,6.96,0.0,10,6960,卖盘
11:27:54,6.96,0.0,18,12528,卖盘
11:27:57,6.96,0.0,40,27840,卖盘
11:28:06,6.96,0.0,31,21576,卖盘
11:28:09,6.96,0.0,4,2784,卖盘
11:28:12,6.96,0.0,179,124584,卖盘
11:28:18,6.96,0.0,12,8352,卖盘
11:28:21,6.96,0.0,13,9048,卖盘
11:28:24,6.96,0.0,1,696,卖盘
11:28:27,6.96,0.0,140,97440,卖盘
11:28:33,6.96,0.0,65,45240,卖盘
11:28:36,6.96,0.0,4,2784,卖盘
11:28:39,6.96,0.0,57,39672,卖盘
11:28:45,6.96,0.0,13,9048,卖盘
11:28:48,6.96,0.0,16,11136,卖盘
11:29:06,6.96,0.0,20,13920,卖盘
11:29:09,6.96,0.0,230,160080,卖盘
11:29:12,6.96,0.0,1,696,卖盘
11:29:15,6.96,0.0,129,89784,卖盘
11:29:18,6.96,0.0,10,6960,卖盘
11:29:21,6.96,0.0,12,8352,卖盘
11:29:24,6.96,0.0,68,47328,卖盘
11:29:27,6.96,0.0,39,27144,卖盘
11:29:33,6.96,0.0,200,139200,卖盘
11:29:39,6.96,0.0,15,10440,卖盘
11:29:45,6.96,0.0,10,6960,卖盘
11:29:57,6.96,0.0,70,48720,卖盘
11:30:00,6.96,0.0,23,16008,卖盘
13:00:00,6.96,0.0,22,15312,卖盘
13:00:03,6.96,0.0,163,113448,卖盘
13:00:06,6.96,0.0,1624,1130304,卖盘
13:00:09,6.96,0.0,1590,1106640,卖盘
13:00:12,6.96,0.0,395,274920,卖盘
13:00:18,6.96,0.0,5,3480,卖盘
13:00:33,6.96,0.0,2,1392,卖盘
13:00:36,6.96,0.0,87,60552,卖盘
13:00:39,6.96,0.0,11,7656,卖盘
13:00:45,6.96,0.0,1,696,卖盘
13:00:57,6.96,0.0,10,6960,卖盘
13:01:00,6.96,0.0,5,3480,卖盘
13:01:12,6.96,0.0,30,20880,卖盘
13:01:15,6.96,0.0,40,27840,卖盘
13:01:21,6.96,0.0,40,27840,卖盘
13:01:24,6.96,0.0,2,1392,卖盘
13:01:33,6.96,0.0,50,34800,卖盘
13:01:54,6.96,0.0,69,48024,卖盘
13:01:57,6.96,0.0,80,55680,卖盘
13:02:03,6.96,0.0,20,13920,卖盘
13:02:12,6.96,0.0,122,84912,卖盘
13:02:15,6.96,0.0,50,34800,卖盘
13:02:18,6.96,0.0,65,45240,卖盘
13:02:21,6.96,0.0,8,5568,卖盘
13:02:24,6.96,0.0,1,696,卖盘
13:02:39,6.96,0.0,6,4176,卖盘
13:02:42,6.96,0.0,24,16704,卖盘
13:02:45,6.96,0.0,56,38976,卖盘
13:02:48,6.96,0.0,28,19488,卖盘
13:02:57,6.96,0.0,30,20880,卖盘
13:03:06,6.96,0.0,7,4872,卖盘
13:03:09,6.96,0.0,30,20880,卖盘
13:03:15,6.96,0.0,350,243600,卖盘
13:03:33,6.96,0.0,250,174000,卖盘
13:03:36,6.96,0.0,20,13920,卖盘
13:03:39,6.96,0.0,50,34800,卖盘
13:03:42,6.96,0.0,9,6264,卖盘
13:03:45,6.96,0.0,10,6960,卖盘
13:03:54,6.96,0.0,947,659112,卖盘
13:03:57,6.96,0.0,5,3480,卖盘
13:04:00,6.96,0.0,3,2088,卖盘
13:04:12,6.96,0.0,35,24360,卖盘
13:04:18,6.96,0.0,53,36888,卖盘
13:04:24,6.96,0.0,10,6960,卖盘
13:04:39,6.96,0.0,250,174000,卖盘
13:04:45,6.96,0.0,1,696,卖盘
13:04:51,6.96,0.0,13,9048,卖盘
13:04:57,6.96,0.0,3,2088,卖盘
13:05:03,6.96,0.0,5,3480,卖盘
13:05:18,6.96,0.0,24,16704,卖盘
13:05:30,6.96,0.0,17,11832,卖盘
13:05:42,6.96,0.0,51,35496,卖盘
13:05:51,6.96,0.0,10,6960,卖盘
13:05:54,6.96,0.0,126,87696,卖盘
13:05:57,6.96,0.0,200,139200,卖盘
13:06:00,6.96,0.0,1,696,卖盘
13:06:03,6.96,0.0,25,17400,卖盘
13:06:06,6.96,0.0,26,18096,卖盘
13:06:09,6.96,0.0,10,6960,卖盘
13:06:12,6.96,0.0,1,696,卖盘
13:06:15,6.96,0.0,31,21576,卖盘
13:06:24,6.96,0.0,13,9048,卖盘
13:06:30,6.96,0.0,106,73776,卖盘
13:06:33,6.96,0.0,17,11832,卖盘
13:06:36,6.96,0.0,344,239424,卖盘
13:06:42,6.96,0.0,50,34800,卖盘
13:06:45,6.96,0.0,21,14616,卖盘
13:06:48,6.96,0.0,49,34104,卖盘
13:06:51,6.96,0.0,17,11832,卖盘
13:06:54,6.96,0.0,20,13920,卖盘
13:07:09,6.96,0.0,1,696,卖盘
13:07:15,6.96,0.0,53,36888,卖盘
13:07:27,6.96,0.0,9,6264,卖盘
13:07:42,6.96,0.0,14,9744,卖盘
13:07:48,6.96,0.0,11,7656,卖盘
13:07:51,6.96,0.0,9,6264,卖盘
13:07:54,6.96,0.0,1,696,卖盘
13:07:57,6.96,0.0,156,108576,卖盘
13:08:00,6.96,0.0,22,15312,卖盘
13:08:06,6.96,0.0,120,83520,卖盘
13:08:09,6.96,0.0,22,15312,卖盘
13:08:12,6.96,0.0,78,54288,卖盘
13:08:15,6.96,0.0,5,3480,卖盘
13:08:18,6.96,0.0,11,7656,卖盘
13:08:21,6.96,0.0,5,3480,卖盘
13:08:24,6.96,0.0,34,23664,卖盘
13:08:27,6.96,0.0,185,128760,卖盘
13:08:30,6.96,0.0,104,72384,卖盘
13:08:33,6.96,0.0,22,15312,卖盘
13:08:42,6.96,0.0,20,13920,卖盘
13:08:45,6.96,0.0,9,6264,卖盘
13:08:48,6.96,0.0,9,6264,卖盘
13:08:54,6.96,0.0,50,34800,卖盘
13:08:57,6.96,0.0,10,6960,卖盘
13:09:03,6.96,0.0,110,76560,卖盘
13:09:09,6.96,0.0,2,1392,卖盘
13:09:12,6.96,0.0,90,62640,卖盘
13:09:18,6.96,0.0,15,10440,卖盘
13:09:30,6.96,0.0,10,6960,卖盘
13:09:36,6.96,0.0,3,2088,卖盘
13:09:39,6.96,0.0,3,2088,卖盘
13:09:42,6.96,0.0,1,696,卖盘
13:09:45,6.96,0.0,1,696,卖盘
13:09:48,6.96,0.0,5,3480,卖盘
13:09:51,6.96,0.0,32,22272,卖盘
13:09:57,6.96,0.0,10,6960,卖盘
13:10:00,6.96,0.0,10,6960,卖盘
13:10:03,6.96,0.0,1,696,卖盘
13:10:06,6.96,0.0,31,21576,卖盘
13:10:15,6.96,0.0,3,2088,卖盘
13:10:18,6.96,0.0,10,6960,卖盘
13:10:24,6.96,0.0,7,4872,卖盘
13:10:33,6.96,0.0,4,2784,卖盘
13:10:39,6.96,0.0,10,6960,卖盘
13:10:51,6.96,0.0,20,13920,卖盘
13:11:21,6.96,0.0,1,696,卖盘
13:11:33,6.96,0.0,4,2784,卖盘
13:11:39,6.96,0.0,1,696,卖盘
13:11:45,6.96,0.0,100,69600,卖盘
13:11:54,6.96,0.0,11,7656,卖盘
13:12:03,6.96,0.0,2,1392,卖盘
13:12:09,6.96,0.0,10,6960,卖盘
13:12:18,6.96,0.0,6,4176,卖盘
13:12:21,6.96,0.0,10,6960,卖盘
13:12:24,6.96,0.0,1,696,卖盘
13:12:42,6.96,0.0,5,3480,卖盘
13:12:48,6.96,0.0,5,3480,卖盘
13:13:06,6.96,0.0,2,1392,卖盘
13:13:12,6.96,0.0,16,11136,卖盘
13:13:15,6.96,0.0,68,47328,卖盘
13:13:27,6.96,0.0,12,8352,卖盘
13:13:30,6.96,0.0,10,6960,卖盘
13:13:36,6.96,0.0,5,3480,卖盘
13:13:42,6.96,0.0,1,696,卖盘
13:13:48,6.96,0.0,1,696,卖盘
13:13:54,6.96,0.0,61,42456,卖盘
13:14:00,6.96,0.0,425,295800,卖盘
13:14:03,6.96,0.0,5,3480,卖盘
13:14:15,6.96,0.0,25,17400,卖盘
13:14:18,6.96,0.0,57,39672,卖盘
13:14:36,6.96,0.0,2,1392,卖盘
13:14:42,6.96,0.0,1,696,卖盘
13:14:45,6.96,0.0,4,2784,卖盘
13:14:48,6.96,0.0,1,696,卖盘
13:15:06,6.96,0.0,7,4872,卖盘
13:15:24,6.96,0.0,22,15312,卖盘
13:15:27,6.96,0.0,59,41064,卖盘
13:15:36,6.96,0.0,37,25752,卖盘
13:15:39,6.96,0.0,20,13920,卖盘
13:15:57,6.96,0.0,110,76560,卖盘
13:16:00,6.96,0.0,5,3480,卖盘
13:16:48,6.96,0.0,1,696,卖盘
13:17:15,6.96,0.0,50,34800,卖盘
13:17:27,6.96,0.0,10,6960,卖盘
13:17:33,6.96,0.0,39,27144,卖盘
13:17:39,6.96,0.0,2,1392,卖盘
13:17:48,6.96,0.0,9,6264,卖盘
13:17:57,6.96,0.0,37,25752,卖盘
13:18:00,6.96,0.0,31,21576,卖盘
13:18:03,6.96,0.0,10,6960,卖盘
13:18:06,6.96,0.0,3,2088,卖盘
13:18:12,6.96,0.0,5,3480,卖盘
13:18:21,6.96,0.0,20,13920,卖盘
13:18:42,6.96,0.0,135,93960,卖盘
13:18:45,6.96,0.0,124,86304,卖盘
13:18:51,6.96,0.0,10,6960,卖盘
13:18:57,6.96,0.0,10,6960,卖盘
13:19:00,6.96,0.0,5,3480,卖盘
13:19:06,6.96,0.0,765,532440,卖盘
13:19:21,6.96,0.0,5,3480,卖盘
13:19:48,6.96,0.0,40,27840,卖盘
13:19:54,6.96,0.0,30,20880,卖盘
13:20:03,6.96,0.0,3,2088,卖盘
13:20:09,6.96,0.0,5,3480,卖盘
13:20:24,6.96,0.0,12,8352,卖盘
13:20:30,6.96,0.0,36,25056,卖盘
13:20:39,6.96,0.0,3,2088,卖盘
13:21:12,6.96,0.0,10,6960,卖盘
13:21:15,6.96,0.0,88,61248,卖盘
13:21:30,6.96,0.0,120,83520,卖盘
13:21:51,6.96,0.0,1,696,卖盘
13:21:54,6.96,0.0,62,43152,卖盘
13:21:57,6.96,0.0,5,3480,卖盘
13:22:00,6.96,0.0,2,1392,卖盘
13:22:03,6.96,0.0,1,696,卖盘
13:22:06,6.96,0.0,5,3480,卖盘
13:22:18,6.96,0.0,5,3480,卖盘
13:22:21,6.96,0.0,1,696,卖盘
13:22:36,6.96,0.0,1,696,卖盘
13:22:42,6.96,0.0,10,6960,卖盘
13:22:45,6.96,0.0,1,696,卖盘
13:22:54,6.96,0.0,3,2088,卖盘
13:22:57,6.96,0.0,102,70992,卖盘
13:23:12,6.96,0.0,47,32712,卖盘
13:23:18,6.96,0.0,10,6960,卖盘
13:23:21,6.96,0.0,14,9744,卖盘
13:23:30,6.96,0.0,56,38976,卖盘
13:23:33,6.96,0.0,30,20880,卖盘
13:23:42,6.96,0.0,4,2784,卖盘
13:23:54,6.96,0.0,108,75168,卖盘
13:23:57,6.96,0.0,17,11832,卖盘
13:24:00,6.96,0.0,3,2088,卖盘
13:24:06,6.96,0.0,15,10440,卖盘
13:24:15,6.96,0.0,3,2088,卖盘
13:24:24,6.96,0.0,3,2088,卖盘
13:24:39,6.96,0.0,5,3480,卖盘
13:25:00,6.96,0.0,3,2088,卖盘
13:25:03,6.96,0.0,43,29928,卖盘
13:25:09,6.96,0.0,2,1392,卖盘
13:25:27,6.96,0.0,1,696,卖盘
13:25:30,6.96,0.0,4,2784,卖盘
13:25:33,6.96,0.0,7,4872,卖盘
13:25:45,6.96,0.0,35,24360,卖盘
13:25:48,6.96,0.0,9,6264,卖盘
13:25:51,6.96,0.0,100,69600,卖盘
13:26:12,6.96,0.0,50,34800,卖盘
13:26:51,6.96,0.0,2,1392,卖盘
13:27:00,6.96,0.0,15,10440,卖盘
13:27:03,6.96,0.0,27,18792,卖盘
13:27:09,6.96,0.0,39,27144,卖盘
13:27:18,6.96,0.0,1,696,卖盘
13:27:21,6.96,0.0,53,36888,卖盘
13:27:30,6.96,0.0,38,26448,卖盘
13:27:45,6.96,0.0,10,6960,卖盘
13:27:54,6.96,0.0,6,4176,卖盘
13:28:06,6.96,0.0,2,1392,卖盘
13:28:09,6.96,0.0,12,8352,卖盘
13:28:15,6.96,0.0,2,1392,卖盘
13:28:18,6.96,0.0,50,34800,卖盘
13:28:27,6.96,0.0,764,531744,卖盘
13:28:33,6.96,0.0,5,3480,卖盘
13:28:42,6.96,0.0,13,9048,卖盘
13:28:48,6.96,0.0,52,36192,卖盘
13:28:51,6.96,0.0,10,6960,卖盘
13:28:54,6.96,0.0,20,13920,卖盘
13:29:03,6.96,0.0,5,3480,卖盘
13:29:27,6.96,0.0,50,34800,卖盘
13:29:33,6.96,0.0,1,696,卖盘
13:29:36,6.96,0.0,9,6264,卖盘
13:29:39,6.96,0.0,380,264480,卖盘
13:29:42,6.96,0.0,100,69600,卖盘
13:29:45,6.96,0.0,2,1392,卖盘
13:29:48,6.96,0.0,1,696,卖盘
13:29:51,6.96,0.0,500,348000,卖盘
13:29:54,6.96,0.0,5,3480,卖盘
13:30:00,6.96,0.0,15,10440,卖盘
13:30:03,6.96,0.0,10,6960,卖盘
13:30:12,6.96,0.0,2,1392,卖盘
13:30:27,6.96,0.0,9,6264,卖盘
13:30:30,6.96,0.0,5,3480,卖盘
13:30:42,6.96,0.0,60,41760,卖盘
13:30:45,6.96,0.0,2,1392,卖盘
13:30:51,6.96,0.0,2,1392,卖盘
13:30:54,6.96,0.0,2,1392,卖盘
13:31:18,6.96,0.0,10,6960,卖盘
13:31:21,6.96,0.0,3,2088,卖盘
13:31:30,6.96,0.0,15,10440,卖盘
13:31:42,6.96,0.0,2,1392,卖盘
13:32:03,6.96,0.0,41,28536,卖盘
13:32:54,6.96,0.0,57,39672,卖盘
13:33:00,6.96,0.0,1,696,卖盘
13:33:15,6.96,0.0,2,1392,卖盘
13:33:18,6.96,0.0,10,6960,卖盘
13:33:27,6.96,0.0,4,2784,卖盘
13:33:30,6.96,0.0,51,35496,卖盘
13:33:33,6.96,0.0,1,696,卖盘
13:33:36,6.96,0.0,8,5568,卖盘
13:33:42,6.96,0.0,1,696,卖盘
13:33:51,6.96,0.0,1,696,卖盘
13:34:00,6.96,0.0,10,6960,卖盘
13:34:03,6.96,0.0,1,696,卖盘
13:34:09,6.96,0.0,3,2088,卖盘
13:34:12,6.96,0.0,6,4176,卖盘
13:34:21,6.96,0.0,1,696,卖盘
13:34:42,6.96,0.0,5,3480,卖盘
13:34:54,6.96,0.0,80,55680,卖盘
13:35:00,6.96,0.0,6,4176,卖盘
13:35:09,6.96,0.0,10,6960,卖盘
13:35:21,6.96,0.0,1,696,卖盘
13:35:30,6.96,0.0,8,5568,卖盘
13:35:33,6.96,0.0,42,29232,卖盘
13:35:36,6.96,0.0,16,11136,卖盘
13:35:39,6.96,0.0,19,13224,卖盘
13:35:54,6.96,0.0,3,2088,卖盘
13:36:00,6.96,0.0,5,3480,卖盘
13:36:03,6.96,0.0,1,696,卖盘
13:36:30,6.96,0.0,200,139200,卖盘
13:36:42,6.96,0.0,160,111360,卖盘
13:36:48,6.96,0.0,3,2088,卖盘
13:36:54,6.96,0.0,50,34800,卖盘
13:37:12,6.96,0.0,50,34800,卖盘
13:37:15,6.96,0.0,12,8352,卖盘
13:37:21,6.96,0.0,5,3480,卖盘
13:37:27,6.96,0.0,12,8352,卖盘
13:37:33,6.96,0.0,5,3480,卖盘
13:37:42,6.96,0.0,5,3480,卖盘
13:37:51,6.96,0.0,200,139200,卖盘
13:38:00,6.96,0.0,3,2088,卖盘
13:38:27,6.96,0.0,20,13920,卖盘
13:39:03,6.96,0.0,265,184440,卖盘
13:39:06,6.96,0.0,8,5568,卖盘
13:39:24,6.96,0.0,1,696,卖盘
13:39:45,6.96,0.0,1,696,卖盘
13:39:48,6.96,0.0,5,3480,卖盘
13:40:12,6.96,0.0,30,20880,卖盘
13:40:15,6.96,0.0,10,6960,卖盘
13:40:42,6.96,0.0,7,4872,卖盘
13:40:45,6.96,0.0,50,34800,卖盘
13:41:30,6.96,0.0,10,6960,卖盘
13:41:45,6.96,0.0,4,2784,卖盘
13:42:00,6.96,0.0,6,4176,卖盘
13:42:21,6.96,0.0,20,13920,卖盘
13:42:24,6.96,0.0,5,3480,卖盘
13:42:30,6.96,0.0,3,2088,卖盘
13:43:15,6.96,0.0,10,6960,卖盘
13:43:51,6.96,0.0,68,47328,卖盘
13:43:57,6.96,0.0,100,69600,卖盘
13:44:15,6.96,0.0,2,1392,卖盘
13:44:24,6.96,0.0,10,6960,卖盘
13:44:57,6.96,0.0,1,696,卖盘
13:45:18,6.96,0.0,52,36192,卖盘
13:45:24,6.96,0.0,1,696,卖盘
13:45:42,6.96,0.0,12,8352,卖盘
13:45:48,6.96,0.0,3,2088,卖盘
13:46:18,6.96,0.0,10,6960,卖盘
13:46:48,6.96,0.0,3,2088,卖盘
13:46:57,6.96,0.0,37,25752,卖盘
13:47:00,6.96,0.0,10,6960,卖盘
13:47:21,6.96,0.0,20,13920,卖盘
13:47:27,6.96,0.0,20,13920,卖盘
13:47:42,6.96,0.0,25,17400,卖盘
13:48:00,6.96,0.0,4,2784,卖盘
13:48:06,6.96,0.0,20,13920,卖盘
13:48:15,6.96,0.0,3,2088,卖盘
13:48:54,6.96,0.0,5,3480,卖盘
13:49:06,6.96,0.0,9,6264,卖盘
13:49:21,6.96,0.0,11,7656,卖盘
13:49:48,6.96,0.0,31,21576,卖盘
13:49:51,6.96,0.0,1,696,卖盘
13:50:33,6.96,0.0,5,3480,卖盘
13:50:36,6.96,0.0,7,4872,卖盘
13:50:45,6.96,0.0,20,13920,卖盘
13:51:03,6.96,0.0,7,4872,卖盘
13:51:45,6.96,0.0,1,696,卖盘
13:52:00,6.96,0.0,20,13920,卖盘
13:52:51,6.96,0.0,4,2784,卖盘
13:53:12,6.96,0.0,251,174696,卖盘
13:53:48,6.96,0.0,62,43152,卖盘
13:53:54,6.96,0.0,1,696,卖盘
13:54:00,6.96,0.0,1,696,卖盘
13:54:03,6.96,0.0,50,34800,卖盘
13:54:09,6.96,0.0,1,696,卖盘
13:55:09,6.96,0.0,3,2088,卖盘
13:55:12,6.96,0.0,8,5568,卖盘
13:55:18,6.96,0.0,318,221328,卖盘
13:55:33,6.96,0.0,12,8352,卖盘
13:55:36,6.96,0.0,21,14616,卖盘
13:55:45,6.96,0.0,6,4176,卖盘
13:56:03,6.96,0.0,57,39672,卖盘
13:56:24,6.96,0.0,2,1392,卖盘
13:57:15,6.96,0.0,1,696,卖盘
13:57:39,6.96,0.0,60,41760,卖盘
13:57:42,6.96,0.0,1,696,卖盘
13:57:57,6.96,0.0,100,69600,卖盘
13:58:00,6.96,0.0,2,1392,卖盘
13:58:09,6.96,0.0,13,9048,卖盘
13:58:15,6.96,0.0,2,1392,卖盘
13:58:30,6.96,0.0,11,7656,卖盘
13:58:39,6.96,0.0,10,6960,卖盘
13:58:42,6.96,0.0,1,696,卖盘
13:59:03,6.96,0.0,3,2088,卖盘
13:59:09,6.96,0.0,7,4872,卖盘
13:59:15,6.96,0.0,4,2784,卖盘
13:59:18,6.96,0.0,2,1392,卖盘
13:59:33,6.96,0.0,10,6960,卖盘
13:59:42,6.96,0.0,423,294408,卖盘
13:59:45,6.96,0.0,20,13920,卖盘
14:00:00,6.96,0.0,10,6960,卖盘
14:00:09,6.96,0.0,1,696,卖盘
14:00:12,6.96,0.0,6,4176,卖盘
14:01:39,6.96,0.0,2,1392,卖盘
14:02:15,6.96,0.0,2,1392,卖盘
14:02:36,6.96,0.0,1,696,卖盘
14:03:09,6.96,0.0,5,3480,卖盘
14:04:18,6.96,0.0,8,5568,卖盘
14:04:30,6.96,0.0,5,3480,卖盘
14:04:48,6.96,0.0,6,4176,卖盘
14:05:03,6.96,0.0,6,4176,卖盘
14:05:36,6.96,0.0,121,84216,卖盘
14:05:42,6.96,0.0,80,55680,卖盘
14:05:45,6.96,0.0,41,28536,卖盘
14:05:48,6.96,0.0,9,6264,卖盘
14:05:57,6.96,0.0,70,48720,卖盘
14:06:03,6.96,0.0,3,2088,卖盘
14:07:00,6.96,0.0,4,2784,卖盘
14:07:33,6.96,0.0,3,2088,卖盘
14:08:12,6.96,0.0,5,3480,卖盘
14:08:36,6.96,0.0,4,2784,卖盘
14:08:45,6.96,0.0,10,6960,卖盘
14:09:27,6.96,0.0,3,2088,卖盘
14:09:48,6.96,0.0,3,2088,卖盘
14:10:09,6.96,0.0,6,4176,卖盘
14:10:33,6.96,0.0,100,69600,卖盘
14:10:39,6.96,0.0,103,71688,卖盘
14:10:42,6.96,0.0,10,6960,卖盘
14:10:45,6.96,0.0,5,3480,卖盘
14:11:00,6.96,0.0,2,1392,卖盘
14:11:30,6.96,0.0,8,5568,卖盘
14:11:39,6.96,0.0,2,1392,卖盘
14:11:45,6.96,0.0,7,4872,卖盘
14:11:57,6.96,0.0,36,25056,卖盘
14:12:48,6.96,0.0,4,2784,卖盘
14:12:51,6.96,0.0,36,25056,卖盘
14:13:15,6.96,0.0,3,2088,卖盘
14:13:21,6.96,0.0,15,10440,卖盘
14:13:30,6.96,0.0,2,1392,卖盘
14:13:51,6.96,0.0,10,6960,卖盘
14:13:57,6.96,0.0,10,6960,卖盘
14:14:06,6.96,0.0,5,3480,卖盘
14:15:12,6.96,0.0,3,2088,卖盘
14:15:39,6.96,0.0,20,13920,卖盘
14:15:42,6.96,0.0,14,9744,卖盘
14:15:45,6.96,0.0,2,1392,卖盘
14:16:42,6.96,0.0,14,9744,卖盘
14:17:00,6.96,0.0,10,6960,卖盘
14:17:06,6.96,0.0,3,2088,卖盘
14:17:30,6.96,0.0,10,6960,卖盘
14:18:27,6.96,0.0,10,6960,卖盘
14:18:39,6.96,0.0,8,5568,卖盘
14:19:15,6.96,0.0,2,1392,卖盘
14:19:18,6.96,0.0,23,16008,卖盘
14:19:48,6.96,0.0,2,1392,卖盘
14:19:51,6.96,0.0,20,13920,卖盘
14:20:12,6.96,0.0,1,696,卖盘
14:20:24,6.96,0.0,4,2784,卖盘
14:20:51,6.96,0.0,69,48094,卖盘
14:21:57,6.96,0.0,3,2088,卖盘
14:22:09,6.96,0.0,5,3480,卖盘
14:22:33,6.96,0.0,30,20880,卖盘
14:22:42,6.96,0.0,2,1392,卖盘
14:22:48,6.96,0.0,8,5568,卖盘
14:23:18,6.96,0.0,6,4176,卖盘
14:23:30,6.96,0.0,3,2088,卖盘
14:23:39,6.96,0.0,13,9048,卖盘
14:24:33,6.96,0.0,2,1392,卖盘
14:24:42,6.96,0.0,20,13920,卖盘
14:24:45,6.96,0.0,10,6960,卖盘
14:24:57,6.96,0.0,2,1392,卖盘
14:25:33,6.96,0.0,10,6960,卖盘
14:25:45,6.96,0.0,65,45240,卖盘
14:25:54,6.96,0.0,2,1392,卖盘
14:26:12,6.96,0.0,5,3480,卖盘
14:26:33,6.96,0.0,6,4176,卖盘
14:26:39,6.96,0.0,7,4872,卖盘
14:27:06,6.96,0.0,13,9048,卖盘
14:27:39,6.96,0.0,50,34800,卖盘
14:27:48,6.96,0.0,5,3480,卖盘
14:28:03,6.96,0.0,63,43848,卖盘
14:28:57,6.96,0.0,20,13920,卖盘
14:29:09,6.96,0.0,4,2784,卖盘
14:29:15,6.96,0.0,5,3480,卖盘
14:29:54,6.96,0.0,10,6960,卖盘
14:30:18,6.96,0.0,1,696,卖盘
14:30:21,6.96,0.0,2,1392,卖盘
14:30:39,6.96,0.0,2,1392,卖盘
14:30:45,6.96,0.0,2,1392,卖盘
14:30:48,6.96,0.0,7,4872,卖盘
14:31:45,6.96,0.0,23,16008,卖盘
14:31:48,6.96,0.0,16,11136,卖盘
14:32:03,6.96,0.0,8,5568,卖盘
14:32:06,6.96,0.0,1,696,卖盘
14:32:09,6.96,0.0,3,2088,卖盘
14:32:12,6.96,0.0,100,69600,卖盘
14:32:24,6.96,0.0,5,3480,卖盘
14:32:30,6.96,0.0,5,3480,卖盘
14:32:36,6.96,0.0,2,1392,卖盘
14:32:39,6.96,0.0,22,15312,卖盘
14:33:24,6.96,0.0,1,696,卖盘
14:33:36,6.96,0.0,38,26448,卖盘
14:34:03,6.96,0.0,10,6960,卖盘
14:34:21,6.96,0.0,5,3480,卖盘
14:34:30,6.96,0.0,10,6960,卖盘
14:34:39,6.96,0.0,20,13920,卖盘
14:34:42,6.96,0.0,51,35496,卖盘
14:34:57,6.96,0.0,40,27840,卖盘
14:35:00,6.96,0.0,10,6960,卖盘
14:35:15,6.96,0.0,28,19488,卖盘
14:35:42,6.96,0.0,4,2784,卖盘
14:35:45,6.96,0.0,6,4176,卖盘
14:35:51,6.96,0.0,63,43848,卖盘
14:36:09,6.96,0.0,30,20880,卖盘
14:36:24,6.96,0.0,10,6960,卖盘
14:36:33,6.96,0.0,162,112752,卖盘
14:36:54,6.96,0.0,16,11136,卖盘
14:36:57,6.96,0.0,2,1392,卖盘
14:37:15,6.96,0.0,20,13920,卖盘
14:37:21,6.96,0.0,50,34800,卖盘
14:37:54,6.96,0.0,4,2784,卖盘
14:39:03,6.96,0.0,5,3480,卖盘
14:39:15,6.96,0.0,43,29928,卖盘
14:39:27,6.96,0.0,4,2784,卖盘
14:40:12,6.96,0.0,34,23664,卖盘
14:40:18,6.96,0.0,46,32016,卖盘
14:40:21,6.96,0.0,8,5568,卖盘
14:40:39,6.96,0.0,20,13920,卖盘
14:40:45,6.96,0.0,18,12528,卖盘
14:41:24,6.96,0.0,4,2784,卖盘
14:42:00,6.96,0.0,8,5568,卖盘
14:42:27,6.96,0.0,4,2784,卖盘
14:42:33,6.96,0.0,10,6960,卖盘
14:43:00,6.96,0.0,15,10440,卖盘
14:43:03,6.96,0.0,2,1392,卖盘
14:44:51,6.96,0.0,1,696,卖盘
14:45:12,6.96,0.0,24,16704,卖盘
14:45:33,6.96,0.0,2,1392,卖盘
14:45:51,6.96,0.0,1,696,卖盘
14:46:57,6.96,0.0,11,7656,卖盘
14:47:03,6.96,0.0,30,20880,卖盘
14:47:48,6.96,0.0,5,3480,卖盘
14:48:06,6.96,0.0,56,38976,卖盘
14:48:24,6.96,0.0,24,16704,卖盘
14:48:36,6.96,0.0,9,6264,卖盘
14:48:42,6.96,0.0,55,38280,卖盘
14:48:48,6.96,0.0,10,6960,卖盘
14:48:54,6.96,0.0,10,6960,卖盘
14:49:36,6.96,0.0,15,10440,卖盘
14:49:51,6.96,0.0,10,6960,卖盘
14:50:12,6.96,0.0,5,3480,卖盘
14:50:18,6.96,0.0,52,36192,卖盘
14:50:24,6.96,0.0,17,11832,卖盘
14:50:30,6.96,0.0,14,9744,卖盘
14:50:36,6.96,0.0,116,80736,卖盘
14:50:45,6.96,0.0,40,27840,卖盘
14:50:48,6.96,0.0,23,16008,卖盘
14:51:15,6.96,0.0,7,4872,卖盘
14:51:36,6.96,0.0,4,2784,卖盘
14:51:48,6.96,0.0,5,3480,卖盘
14:52:09,6.96,0.0,29,20184,卖盘
14:52:15,6.96,0.0,60,41760,卖盘
14:52:27,6.96,0.0,5,3480,卖盘
14:52:33,6.96,0.0,2,1392,卖盘
14:52:42,6.96,0.0,4,2784,卖盘
14:53:03,6.96,0.0,10,6960,卖盘
14:53:39,6.96,0.0,8,5568,卖盘
14:53:51,6.96,0.0,1,696,卖盘
14:54:24,6.96,0.0,20,13920,卖盘
14:54:33,6.96,0.0,1,696,卖盘
14:55:03,6.96,0.0,8,5568,卖盘
14:55:24,6.96,0.0,584,406464,卖盘
14:55:27,6.96,0.0,117,81432,卖盘
14:55:30,6.96,0.0,10,6960,卖盘
14:55:33,6.96,0.0,12,8352,卖盘
14:55:42,6.96,0.0,1,696,卖盘
14:55:48,6.96,0.0,9,6264,卖盘
14:56:48,6.96,0.0,30,20880,卖盘
15:00:00,6.96,0.0,144,100224,卖盘
